rollout/ep_rew_mean,time/fps,rollout/ep_len_mean,time/total_timesteps,time/time_elapsed,time/iterations,train/value_loss,train/n_updates,train/explained_variance,train/learning_rate,train/clip_fraction,train/std,train/clip_range,train/loss,train/approx_kl,train/policy_gradient_loss,train/entropy_loss
-1137.1065267,1223,200.0,2048,1,1,,,,,,,,,,,
-1239.6456127999998,865,200.0,4096,4,2,8120.696476745606,10,0.010386466979980469,0.0003,0.002001953125,1.0100499391555786,0.2,3839.361328125,0.00095342787,-0.0005741088665672578,-1.424475146830082
-1213.6982049,785,200.0,6144,7,3,10812.515426635742,20,0.11203539371490479,0.0003,0.007958984375,1.0085216760635376,0.2,5102.9033203125,0.0026156472,-0.0019512382059474476,-1.428347798064351
-1208.3986405,753,200.0,8192,10,4,7817.202130126953,30,0.15972298383712769,0.0003,0.01328125,1.0079325437545776,0.2,3802.424560546875,0.0027886198,-0.002440605602168944,-1.4277903381735086
-1201.3822240392158,734,200.0,10240,13,5,7256.125570678711,40,0.027243435382843018,0.0003,0.01103515625,1.0061711072921753,0.2,3356.531982421875,0.0027205572,-0.0020901069983665366,-1.4258245047181846
-1180.330218918033,723,200.0,12288,16,6,8177.800761413574,50,0.005765259265899658,0.0003,0.01513671875,0.996109664440155,0.2,3483.690185546875,0.0026621614,-0.0020209460795740596,-1.4209069609642029
-1190.4159209577465,716,200.0,14336,20,7,6065.572650146484,60,0.0029326677322387695,0.0003,0.032568359375,0.9934113621711731,0.2,2828.644775390625,0.0035892576,-0.0033815157643402927,-1.4146857235580683
-1192.9916026296296,710,200.0,16384,23,8,8237.441162109375,70,0.001254737377166748,0.0003,0.015869140625,0.9973351955413818,0.2,3838.853271484375,0.0026039993,-0.002647666580742225,-1.4163958251476287
-1181.0309416630434,705,200.0,18432,26,9,7369.389916992188,80,0.0013721585273742676,0.0003,0.000634765625,1.0033378601074219,0.2,3669.9580078125,0.0012187387,-0.0004111256239411887,-1.4194390021264554
-1190.52611818,702,200.0,20480,29,10,6616.541749572754,90,0.0011269450187683105,0.0003,0.012939453125,1.0168315172195435,0.2,2954.2587890625,0.0035556538,-0.0021572162717347966,-1.4308697029948234
-1183.7282995199998,699,200.0,22528,32,11,7822.505009460449,100,0.0005167722702026367,0.0003,0.004736328125,1.0139050483703613,0.2,3563.209228515625,0.0023467622,-0.0008361975764273666,-1.436340521648526
-1158.12164716,696,200.0,24576,35,12,5912.068887329102,110,0.000648200511932373,0.0003,0.009033203125,1.0155690908432007,0.2,2891.91259765625,0.0027961896,-0.0012744875391945242,-1.4326376397162677
-1158.86532847,693,200.0,26624,38,13,5172.924752807618,120,0.0004634857177734375,0.0003,0.02509765625,1.0038431882858276,0.2,2541.16259765625,0.0052116085,-0.003055768249760149,-1.4290623221546412
-1151.4050058600003,692,200.0,28672,41,14,5847.4085144042965,130,0.0002695918083190918,0.0003,0.00458984375,1.0041277408599854,0.2,2811.603515625,0.0020097285,-0.0007503752814955078,-1.4227376252412796
-1149.86348134,690,200.0,30720,44,15,5917.026008605957,140,0.0002442002296447754,0.0003,0.00751953125,1.002835988998413,0.2,2904.140869140625,0.002313233,-0.0011028840788640081,-1.4232770707458258
-1149.92674547,689,200.0,32768,47,16,6008.720085144043,150,0.0002034902572631836,0.0003,0.0078125,1.002636432647705,0.2,3506.27001953125,0.001735242,-0.0008111528877634555,-1.4220992721617223
-1145.28011576,687,200.0,34816,50,17,5007.588292694092,160,0.00016760826110839844,0.0003,0.03505859375,0.9696106314659119,0.2,2329.4287109375,0.0051629655,-0.003617578362172935,-1.403694487735629
-1140.15202726,686,200.0,36864,53,18,5151.968527221679,170,0.00017386674880981445,0.0003,0.012158203125,0.975795567035675,0.2,2058.6396484375,0.0024444321,-0.0015721862902864814,-1.3921953734010457
-1136.8982885900002,685,200.0,38912,56,19,4959.638454437256,180,0.00011223554611206055,0.0003,0.0271484375,0.9589152932167053,0.2,2348.208251953125,0.0032533025,-0.0030943529251089784,-1.3865760311484336
-1109.97105742,685,200.0,40960,59,20,4602.360224914551,190,8.028745651245117e-05,0.0003,0.04287109375,0.9667072296142578,0.2,2116.64111328125,0.0029741474,-0.003657048981403932,-1.3800420224666596
-1096.78198336,684,200.0,43008,62,21,3428.567273712158,200,7.927417755126953e-05,0.0003,0.042578125,0.9371229410171509,0.2,1565.068359375,0.005428083,-0.004246981710457476,-1.3679600980132818
-1093.87066217,683,200.0,45056,65,22,3303.453535461426,210,6.318092346191406e-05,0.0003,0.025537109375,0.9568884968757629,0.2,1521.378173828125,0.005789739,-0.001273585059971083,-1.3638516504317522
-1075.35611984,683,200.0,47104,68,23,3660.61399307251,220,4.00543212890625e-05,0.0003,0.022607421875,0.9554535746574402,0.2,1965.259033203125,0.0031653796,-0.000977062393212691,-1.3749052263796329
-1065.77978697,682,200.0,49152,71,24,2817.909479904175,230,4.488229751586914e-05,0.0003,0.0181640625,0.9499952793121338,0.2,1452.0194091796875,0.001837532,-0.0004428551554156002,-1.371450238674879
-1048.07735582,682,200.0,51200,75,25,3478.04368057251,240,2.9325485229492188e-05,0.0003,0.02880859375,0.951268196105957,0.2,1406.20849609375,0.0042414884,-0.0008866280943038874,-1.3687101192772388
-1026.7974038999998,681,200.0,53248,78,26,2983.6527088165285,250,1.728534698486328e-05,0.0003,0.0541015625,0.9396947026252747,0.2,1326.193603515625,0.005432534,-0.005276203842367977,-1.3620837714523077
-1024.46404305,681,200.0,55296,81,27,2677.9866989135744,260,1.4126300811767578e-05,0.0003,0.0375,0.9484381675720215,0.2,1224.1085205078125,0.003170901,-0.0027890441007912157,-1.3617162227630615
-1026.8242807699999,681,200.0,57344,84,28,3725.378971862793,270,1.055002212524414e-05,0.0003,0.01611328125,0.9512763619422913,0.2,1776.54541015625,0.0028556634,-0.0010233411427179816,-1.367246823757887
-1030.23610659,680,200.0,59392,87,29,3769.998331451416,280,1.3768672943115234e-05,0.0003,0.022509765625,0.935427188873291,0.2,1541.8167724609375,0.0025330922,-0.0019466114565148019,-1.3596907842904329
-1044.93831098,680,200.0,61440,90,30,3612.1597846984864,290,1.2695789337158203e-05,0.0003,0.025341796875,0.9200727939605713,0.2,1797.018798828125,0.002998914,-0.002467092583538033,-1.3447435542941093
-1042.7934892600001,679,200.0,63488,93,31,3385.8029594421387,300,1.1146068572998047e-05,0.0003,0.026708984375,0.904350757598877,0.2,1485.56005859375,0.0034660602,-0.002972222709649941,-1.3268645882606507
-1045.38680148,679,200.0,65536,96,32,2687.2642993927,310,1.3113021850585938e-05,0.0003,0.04033203125,0.9035606980323792,0.2,1228.765380859375,0.003467244,-0.0022062517833546734,-1.3177672192454337
-1056.1258034499997,679,200.0,67584,99,33,2591.7661838531494,320,9.5367431640625e-06,0.0003,0.034716796875,0.9211642146110535,0.2,1320.7003173828125,0.003212147,-0.002188912629208062,-1.3301944125443697
-1049.05322175,678,200.0,69632,102,34,2622.582627105713,330,9.119510650634766e-06,0.0003,0.014404296875,0.8987113237380981,0.2,1238.829833984375,0.0025267778,-0.0017838413754361683,-1.3247553177177906
-1064.53531047,678,200.0,71680,105,35,2242.509676361084,340,1.055002212524414e-05,0.0003,0.023681640625,0.8833624124526978,0.2,955.705322265625,0.0032052035,-0.0018775281685520894,-1.303060994297266
-1056.2670777399999,678,200.0,73728,108,36,3008.446932601929,350,6.496906280517578e-06,0.0003,0.043798828125,0.8863275051116943,0.2,1413.5030517578125,0.004627013,-0.0018887430123868398,-1.2966750662773847
-1057.34788302,677,200.0,75776,111,37,1769.0769733428956,360,7.3909759521484375e-06,0.0003,0.033837890625,0.8967118263244629,0.2,783.4746704101562,0.0031060954,-0.0010295089290593752,-1.3065737124532462
-1053.13246036,677,200.0,77824,114,38,2828.193412399292,370,6.079673767089844e-06,0.0003,0.0189453125,0.8863453269004822,0.2,982.3521118164062,0.003483197,-0.0023136906514992007,-1.3034707486629487
-1043.28760724,677,200.0,79872,117,39,2307.785139846802,380,5.662441253662109e-06,0.0003,0.010302734375,0.8856419324874878,0.2,1087.1048583984375,0.0014371752,3.639205533545464e-06,-1.2983367942273616
-1046.8868304899997,677,200.0,81920,120,40,2312.3794593811035,390,4.827976226806641e-06,0.0003,0.04111328125,0.8628727197647095,0.2,879.1007690429688,0.0056213997,-0.004695293425902492,-1.284270155057311
-1049.79217835,676,200.0,83968,124,41,2004.786403274536,400,5.0067901611328125e-06,0.0003,0.045703125,0.8521451950073242,0.2,950.0497436523438,0.004628148,-0.0033606224518734963,-1.2638074241578579
-1045.04264368,676,200.0,86016,127,42,1910.7716957092284,410,4.291534423828125e-06,0.0003,0.02919921875,0.8563134074211121,0.2,681.5009155273438,0.0035429867,-0.002117804455338046,-1.2603943713009358
-1053.37798187,676,200.0,88064,130,43,2033.2926170349122,420,3.933906555175781e-06,0.0003,0.049072265625,0.8396031856536865,0.2,758.4427490234375,0.0058607263,-0.0027663653672789223,-1.2538435578346252
-1056.1111401499998,676,200.0,90112,133,44,1917.0453742980958,430,2.7418136596679688e-06,0.0003,0.062548828125,0.8414544463157654,0.2,1031.0029296875,0.0060841064,-0.0029715712043980602,-1.2445502527058125
-1045.69286698,676,200.0,92160,136,45,1810.563883972168,440,2.9206275939941406e-06,0.0003,0.031396484375,0.8520923256874084,0.2,800.5687866210938,0.0035650376,-0.002823737674043514,-1.2529682368040085
-1056.31518823,676,200.0,94208,139,46,1424.77208442688,450,2.4437904357910156e-06,0.0003,0.0376953125,0.8643475770950317,0.2,585.9030151367188,0.0031654872,-0.0018284804333234205,-1.2657263182103633
-1061.51209311,676,200.0,96256,142,47,1889.5490165710448,460,1.430511474609375e-06,0.0003,0.026171875,0.8504390120506287,0.2,912.5430297851562,0.0035198305,-0.0011469834425952286,-1.264541071653366
-1042.95544174,676,200.0,98304,145,48,1513.1143920898437,470,2.0265579223632812e-06,0.0003,0.056298828125,0.850742757320404,0.2,639.3368530273438,0.00660879,-0.003089150402229279,-1.2578429218381644
-1036.7548646899997,675,200.0,100352,148,49,1197.978442955017,480,1.430511474609375e-06,0.0003,0.047216796875,0.8373362421989441,0.2,538.0560302734375,0.004188464,-0.00020088219607714564,-1.2492957051843405
-1035.32546963,675,200.0,102400,151,50,1516.1992643356323,490,1.1920928955078125e-06,0.0003,0.034375,0.8437173366546631,0.2,721.618408203125,0.0030058613,-0.0015866027606534772,-1.2460584551095963
-1031.1492847200002,675,200.0,104448,154,51,1567.3938989639282,500,1.3113021850585938e-06,0.0003,0.0439453125,0.828970730304718,0.2,659.2232666015625,0.00529282,-0.0038482528223539704,-1.2393460720777512
-1029.97268293,674,200.0,106496,157,52,1237.5179662704468,510,1.0132789611816406e-06,0.0003,0.0505859375,0.8184444308280945,0.2,473.4284973144531,0.005841923,-0.0015946206040098332,-1.22421594299376
-1026.27613744,674,200.0,108544,160,53,1268.7562824249267,520,1.1920928955078125e-06,0.0003,0.0208984375,0.8111163377761841,0.2,686.2044067382812,0.0035293344,0.0002613235468743369,-1.2129298068583012
-1019.2605822799998,674,200.0,110592,163,54,1105.4475692749024,530,1.2516975402832031e-06,0.0003,0.0685546875,0.8038733005523682,0.2,518.591064453125,0.007229622,-0.00413824863935588,-1.202361311390996
-1023.3932947799999,674,200.0,112640,166,55,1322.4974981307982,540,1.3113021850585938e-06,0.0003,0.04111328125,0.8011685609817505,0.2,728.8360595703125,0.0029935553,-0.0013065753111732193,-1.1981244128197432
-1009.63327338,674,200.0,114688,170,56,1455.7485673904418,550,1.0728836059570312e-06,0.0003,0.012744140625,0.8096455931663513,0.2,734.340087890625,0.002167871,0.0003732849450898357,-1.200993499904871
-1006.09648104,674,200.0,116736,173,57,1165.165560913086,560,1.5497207641601562e-06,0.0003,0.026904296875,0.7918457388877869,0.2,518.2575073242188,0.0029389793,-0.000400427093518374,-1.1962683405727148
-1013.42168741,674,200.0,118784,176,58,1187.6086074829102,570,2.0265579223632812e-06,0.0003,0.05087890625,0.7991917133331299,0.2,519.4254760742188,0.0032627345,0.00020551604029606096,-1.188490852713585
-1000.9784407900001,674,200.0,120832,179,59,1204.518611717224,580,4.231929779052734e-06,0.0003,0.052392578125,0.799737811088562,0.2,622.8253173828125,0.0045544654,-0.001817801127617713,-1.1966195408254863
-1000.38425652,674,200.0,122880,182,60,979.1962638854981,590,9.298324584960938e-06,0.0003,0.07275390625,0.7911618947982788,0.2,469.6622314453125,0.0049079433,-0.0032508291042177007,-1.1871586449444294
-1000.08204137,674,200.0,124928,185,61,805.0953324317932,600,0.158749520778656,0.0003,0.052587890625,0.7888519763946533,0.2,336.8283996582031,0.005461401,-0.003082714781339746,-1.1830422677099706
-1012.6718029700002,674,200.0,126976,188,62,1220.9451803207398,610,0.33219051361083984,0.0003,0.033984375,0.7845759391784668,0.2,441.32745361328125,0.004794576,-0.004172526714683045,-1.179592787474394
-1005.86045159,674,200.0,129024,191,63,1367.9399253845215,620,0.4560341238975525,0.0003,0.015234375,0.7870402336120605,0.2,521.1232299804688,0.001878099,-0.0015424535711645148,-1.1777689628303052
-1012.82073479,674,200.0,131072,194,64,725.5148032188415,630,0.4573436975479126,0.0003,0.02822265625,0.7658690810203552,0.2,311.4420471191406,0.0034583858,-0.0018929263824247755,-1.1649818141013384
-1023.2774742200002,673,200.0,133120,197,65,1353.205620765686,640,0.5154959857463837,0.0003,0.048193359375,0.7617243528366089,0.2,610.019775390625,0.0044927318,-0.005172221282555256,-1.1496037777513266
-1036.46119055,673,200.0,135168,200,66,788.8887756347656,650,0.7011057436466217,0.0003,0.032421875,0.7408822774887085,0.2,360.4850769042969,0.0043731863,-0.0012590553720656316,-1.1341690238565207
-1023.22423433,673,200.0,137216,203,67,1241.1018463134765,660,0.6123233735561371,0.0003,0.040087890625,0.7407139539718628,0.2,727.9234008789062,0.0041723773,-0.0021417158437543548,-1.1194419473409654
-1011.4689031,673,200.0,139264,206,68,452.47262506484986,670,0.5123209953308105,0.0003,0.053076171875,0.7463334798812866,0.2,189.89183044433594,0.005481983,-0.0031042095113662073,-1.1231595415621995
-1009.1241853900002,673,200.0,141312,209,69,530.2060984611511,680,0.6726043820381165,0.0003,0.0310546875,0.7441186308860779,0.2,221.32318115234375,0.003931149,-0.0019122528610751033,-1.1248890694230795
-1011.0435127499998,673,200.0,143360,212,70,716.7742156028747,690,0.6860525012016296,0.0003,0.045654296875,0.7470484375953674,0.2,334.132080078125,0.004395272,-0.0021316851787560155,-1.1265852972865105
-996.2538301999999,673,200.0,145408,215,71,434.871364402771,700,0.7884944528341293,0.0003,0.027734375,0.7534156441688538,0.2,212.38504028320312,0.0036841782,-0.0019666656444314867,-1.1323999259620905
-992.85858212,673,200.0,147456,218,72,448.32957463264466,710,0.6854453682899475,0.0003,0.053076171875,0.7686738967895508,0.2,233.46548461914062,0.0049650716,-0.004287174728233367,-1.1449105061590672
-990.1714044500001,673,200.0,149504,222,73,849.6397417068481,720,0.7134762704372406,0.0003,0.031103515625,0.7719792723655701,0.2,409.1007385253906,0.0036963318,-0.0028888901462778447,-1.1582853805273772
-967.6361782000001,673,200.0,151552,225,74,498.24928946495055,730,0.6864818036556244,0.0003,0.04248046875,0.7614451050758362,0.2,247.09835815429688,0.005026288,-0.004402909315103898,-1.1539165250957013
-953.0453607199998,673,200.0,153600,228,75,634.5294798851013,740,0.6734023094177246,0.0003,0.046142578125,0.7553315162658691,0.2,224.0883026123047,0.004905115,-0.004816306245629676,-1.1424060434103012
-943.8186495100001,673,200.0,155648,231,76,561.8601581573487,750,0.7320821285247803,0.0003,0.05625,0.7303664088249207,0.2,271.0804748535156,0.0065793665,-0.0028695863162283785,-1.1208571996539831
-962.2878999400001,673,200.0,157696,234,77,936.6953603744507,760,0.7674915194511414,0.0003,0.03662109375,0.7077904939651489,0.2,477.84295654296875,0.004112631,-0.0018188225410995073,-1.088733322173357
-995.86502609,673,200.0,159744,237,78,562.6874804496765,770,0.8365265876054764,0.0003,0.056494140625,0.7019621729850769,0.2,212.56875610351562,0.0035977657,-0.004518392833415419,-1.0673368837684394
-984.99630079,673,200.0,161792,240,79,422.78812470436094,780,0.8544030785560608,0.0003,0.052197265625,0.6859838962554932,0.2,164.948974609375,0.0047716303,-0.0032903421073569917,-1.0541774496436118
-995.6760282299999,673,200.0,163840,243,80,589.6123546600342,790,0.8225760906934738,0.0003,0.02138671875,0.675382673740387,0.2,248.28985595703125,0.0036905566,-0.00025282523492933253,-1.0353645402938128
-1000.0074124100001,672,200.0,165888,246,81,496.6363747596741,800,0.8743434250354767,0.0003,0.050634765625,0.6613256931304932,0.2,189.7659454345703,0.0053907586,-0.0035332183353602884,-1.0153214704245328
-997.0741211200001,672,200.0,167936,249,82,359.1945152282715,810,0.8603430539369583,0.0003,0.04482421875,0.6494539380073547,0.2,78.33624267578125,0.0075400104,-0.0028001274695270695,-0.9945292072370648
-1014.70917107,672,200.0,169984,252,83,528.5972013473511,820,0.8076981008052826,0.0003,0.031787109375,0.6449198126792908,0.2,166.31088256835938,0.0058473125,-0.0019684369617607445,-0.9850220480933786
-1009.13274388,672,200.0,172032,255,84,482.85394196510316,830,0.8506889492273331,0.0003,0.0482421875,0.637008786201477,0.2,255.26820373535156,0.0041859867,-0.0026915265247225762,-0.9745729498565197
-994.7968810699999,672,200.0,174080,258,85,373.1361397266388,840,0.7151572406291962,0.0003,0.09248046875,0.6259310841560364,0.2,145.5063934326172,0.008632474,-0.007612402088125236,-0.9586996791884304
-990.57740138,672,200.0,176128,261,86,654.1571941375732,850,0.8229439407587051,0.0003,0.06357421875,0.6184375882148743,0.2,377.95086669921875,0.0056331996,-0.0045056190007017,-0.9442610083147883
-964.1795318799999,672,200.0,178176,264,87,483.7271647453308,860,0.8306268155574799,0.0003,0.050390625,0.6191909909248352,0.2,259.4485778808594,0.0034733145,-0.0025310803350294007,-0.9382866520434618
-933.2287758999998,672,200.0,180224,267,88,498.223849773407,870,0.8496324568986893,0.0003,0.049462890625,0.6135079860687256,0.2,350.70379638671875,0.0048794094,-0.003897237274213694,-0.9335793007165194
-930.2460076699999,672,200.0,182272,271,89,557.5128887653351,880,0.8846711441874504,0.0003,0.049267578125,0.6128625869750977,0.2,227.82937622070312,0.0047449563,-0.0035849591295118444,-0.9282522091642023
-901.3505476099998,672,200.0,184320,274,90,554.2240732192993,890,0.908746987581253,0.0003,0.051025390625,0.6071757674217224,0.2,171.419189453125,0.005773931,-0.003840853209840134,-0.9253292594105005
-859.31986314,672,200.0,186368,277,91,492.10152978897094,900,0.9311289191246033,0.0003,0.088037109375,0.6075312495231628,0.2,203.3822784423828,0.0065539433,-0.009392385903629475,-0.9199123352766037
-816.98036962,672,200.0,188416,280,92,509.0531887054443,910,0.9291989132761955,0.0003,0.04921875,0.6033389568328857,0.2,222.2807159423828,0.007956213,-0.007119856141798664,-0.9158492147922516
-773.6404283200002,672,200.0,190464,283,93,444.18276195526124,920,0.9430443122982979,0.0003,0.050732421875,0.6079581379890442,0.2,175.96437072753906,0.0047156014,-0.005000944493804127,-0.9172111462801695
-728.3192933800002,672,200.0,192512,286,94,532.7005560398102,930,0.9226809144020081,0.0003,0.03828125,0.6073981523513794,0.2,288.3135681152344,0.0046141725,-0.0028578173420100938,-0.9206509754061699
-689.8228816100001,672,200.0,194560,289,95,456.24216203689576,940,0.9565612226724625,0.0003,0.0595703125,0.6022229790687561,0.2,218.7996826171875,0.0057155285,-0.007068474930565572,-0.9147745994850993
-674.95389536,672,200.0,196608,292,96,588.8764270305634,950,0.9494290426373482,0.0003,0.03095703125,0.6025791764259338,0.2,517.303466796875,0.0046135397,-0.0018343447518418543,-0.9100893631577491
-658.4284535,672,200.0,198656,295,97,877.9993250846862,960,0.9591651745140553,0.0003,0.039599609375,0.6022357940673828,0.2,417.2231750488281,0.0054384195,-0.0035664224094944076,-0.9122993690893054
-610.45044071,672,200.0,200704,298,98,785.0533540725708,970,0.9579485319554806,0.0003,0.022119140625,0.602228045463562,0.2,212.3097381591797,0.0019158894,-0.0014676198246888817,-0.9117984468117356
-610.17557805,672,200.0,202752,301,99,840.4133210659027,980,0.944448933005333,0.0003,0.041796875,0.6016203165054321,0.2,583.3226318359375,0.0048152003,-0.003622028302925173,-0.9110416261479258
-585.27970578,672,200.0,204800,304,100,765.5518775939942,990,0.9562148079276085,0.0003,0.02734375,0.6078636646270752,0.2,287.6307067871094,0.00451624,-0.0013919116092438344,-0.9155131800100207
-599.1079991400001,672,200.0,206848,307,101,1274.9371938705444,1000,0.9399124085903168,0.0003,0.03291015625,0.6095824241638184,0.2,568.3214721679688,0.005342416,-0.003401313960785046,-0.9213078653439879
-617.03487471,672,200.0,208896,310,102,612.455469751358,1010,0.9328452423214912,0.0003,0.0501953125,0.6056530475616455,0.2,161.94091796875,0.005570748,-0.003252796086599119,-0.9203561317175627
-612.05082878,672,200.0,210944,313,103,440.59367356300356,1020,0.981696343049407,0.0003,0.050634765625,0.6029780507087708,0.2,119.96675872802734,0.0064025023,-0.003848845212633023,-0.9139804163947701
-629.5760315599999,672,200.0,212992,316,104,697.8748484611511,1030,0.9498933516442776,0.0003,0.03837890625,0.5951070785522461,0.2,310.4667053222656,0.006524578,-0.004880245056119748,-0.9071411253884435
-608.2202697,671,200.0,215040,320,105,517.8222924947738,1040,0.950772799551487,0.0003,0.03056640625,0.6021376848220825,0.2,295.00738525390625,0.0034772288,-0.0024067428734269925,-0.9053810417652131
-558.61361749,671,200.0,217088,323,106,295.4034521818161,1050,0.9851962309330702,0.0003,0.043505859375,0.5992151498794556,0.2,98.75629425048828,0.004817445,-6.866794792586006e-05,-0.9087520927190781
-550.6833326700001,671,200.0,219136,326,107,116.85362507104874,1060,0.9857305837795138,0.0003,0.067626953125,0.5889783501625061,0.2,37.48845291137695,0.0073942887,-0.003966729494277388,-0.8968747263774276
-556.5623515999999,671,200.0,221184,329,108,382.02466173171996,1070,0.9161785766482353,0.0003,0.061767578125,0.5921095609664917,0.2,77.68231201171875,0.005065362,-0.006138834406374372,-0.8918824128806591
-544.2729329499999,671,200.0,223232,332,109,755.6929813861847,1080,0.921338401734829,0.0003,0.02470703125,0.5995180606842041,0.2,196.94874572753906,0.002750637,-0.005167621334112482,-0.9003045279532671
-582.40759053,671,200.0,225280,335,110,922.4916918754577,1090,0.9210882559418678,0.0003,0.037255859375,0.5995615124702454,0.2,475.34820556640625,0.0047113625,-0.0027433074443251825,-0.907508822903037
-546.69212743,671,200.0,227328,338,111,1354.8261894226075,1100,0.9143205061554909,0.0003,0.042724609375,0.5944740176200867,0.2,710.484130859375,0.007560465,-0.0044038831219950225,-0.9036767611280083
-567.3248255899999,671,200.0,229376,341,112,1001.3926587104797,1110,0.9369009286165237,0.0003,0.027099609375,0.5943732261657715,0.2,357.6098327636719,0.004098485,-0.0026362834716564974,-0.8995568074285984
-547.1299801700001,671,200.0,231424,344,113,1401.189560985565,1120,0.9311708435416222,0.0003,0.060009765625,0.5872016549110413,0.2,559.8950805664062,0.007565072,-0.005467404305818491,-0.89295121897012
-563.7496475500001,671,200.0,233472,347,114,1015.1856283187866,1130,0.9529144279658794,0.0003,0.05625,0.5804251432418823,0.2,445.4413757324219,0.0064767115,-0.0036499989306321367,-0.8799374362453818
-546.3505456199999,671,200.0,235520,350,115,1349.4354036331176,1140,0.9355944022536278,0.0003,0.0619140625,0.5789164900779724,0.2,350.93011474609375,0.0055718734,-0.0036646445594669787,-0.8734072327613831
-544.4949004499998,671,200.0,237568,353,116,704.7252388000488,1150,0.9276242107152939,0.0003,0.03212890625,0.5662112236022949,0.2,304.9657897949219,0.0034908715,-0.003386485593364341,-0.8619985001161694
-566.5510050400001,671,200.0,239616,356,117,725.7878684520722,1160,0.9463073648512363,0.0003,0.04853515625,0.5572713017463684,0.2,165.40432739257812,0.006299921,-0.005531222889112541,-0.8422993818297982
-530.0706288900001,671,200.0,241664,359,118,563.5568765640259,1170,0.9721486158668995,0.0003,0.050927734375,0.5569018125534058,0.2,462.52105712890625,0.0033886817,-0.0009152016245934647,-0.8342804646119475
-510.27866806,671,200.0,243712,362,119,240.26579774618148,1180,0.9349319860339165,0.0003,0.040234375,0.5410723090171814,0.2,66.59806060791016,0.008220816,-3.524323983583599e-05,-0.8179360155016184
-511.3888502100001,671,200.0,245760,365,120,563.2735106468201,1190,0.9322651848196983,0.0003,0.052587890625,0.5511789321899414,0.2,93.1005630493164,0.004200448,-0.0034903532825410364,-0.8130492903292179
-492.13848636999995,671,200.0,247808,368,121,862.386208486557,1200,0.7663289457559586,0.0003,0.021875,0.5461716055870056,0.2,312.17108154296875,0.0037792884,6.385263986885547e-07,-0.8194420795887709
-467.3096122300001,671,200.0,249856,371,122,551.6060511112213,1210,0.9441371560096741,0.0003,0.03076171875,0.541742205619812,0.2,105.0021743774414,0.0031574732,-0.0022431746881920846,-0.8106757083907723
-446.4941877499999,671,200.0,251904,375,123,640.2740492343903,1220,0.9293670207262039,0.0003,0.111767578125,0.5404381155967712,0.2,223.03274536132812,0.008564705,-0.005354743117641192,-0.8044235011562705
-419.0507789400001,671,200.0,253952,378,124,166.18508325815202,1230,0.9700471758842468,0.0003,0.06708984375,0.5282087922096252,0.2,55.52175521850586,0.0048366236,-0.000986614398425445,-0.7894346583634615
-415.13522931999995,671,200.0,256000,381,125,253.3534539103508,1240,0.9701532423496246,0.0003,0.036962890625,0.5263043642044067,0.2,82.63863372802734,0.0023965493,-0.002401713789004134,-0.7792008364573121
-425.9040053,671,200.0,258048,384,126,120.85257180333137,1250,0.9765606019645929,0.0003,0.08720703125,0.5218626260757446,0.2,52.52720642089844,0.0038541877,-0.005836571833060589,-0.7733751878142356
-417.08632034999994,671,200.0,260096,387,127,119.11546835303307,1260,0.9897791724652052,0.0003,0.05400390625,0.513728141784668,0.2,38.35322952270508,0.0047069048,-0.006501106896030251,-0.7607967324554921
-424.34296413,671,200.0,262144,390,128,336.77578964233396,1270,0.9560772180557251,0.0003,0.040673828125,0.511687159538269,0.2,119.29840850830078,0.0045413002,-0.0027329582066158765,-0.7510016528889537
-419.48951538,671,200.0,264192,393,129,48.53614483624697,1280,0.9847383433952928,0.0003,0.095751953125,0.5062050819396973,0.2,15.22765827178955,0.013182098,-0.0020279262385884066,-0.7438293408602477
-386.13124829000003,671,200.0,266240,396,130,348.8037121653557,1290,0.8363912105560303,0.0003,0.01806640625,0.5021401643753052,0.2,148.8037567138672,0.0035872594,-0.0005639582363073714,-0.7340656355023384
-388.07322447,671,200.0,268288,399,131,523.136935377121,1300,0.882335938513279,0.0003,0.0271484375,0.5014961957931519,0.2,193.37118530273438,0.0034324373,-0.0009079898445634171,-0.7295296736061573
-409.62857284000006,671,200.0,270336,402,132,386.8757609963417,1310,0.9573992602527142,0.0003,0.021337890625,0.500015914440155,0.2,124.7805404663086,0.0037293234,-0.0002297839408129221,-0.7269997296854853
-407.51499469000004,671,200.0,272384,405,133,748.9371338367462,1320,0.9370539337396622,0.0003,0.042431640625,0.49975821375846863,0.2,505.543212890625,0.005918525,-0.002959675261081429,-0.7262675931677223
-405.63634596,671,200.0,274432,408,134,446.6508502721787,1330,0.905296802520752,0.0003,0.04599609375,0.49409180879592896,0.2,204.5979766845703,0.0062023224,-0.002563139225821942,-0.7194212147966027
-388.85236076000007,671,200.0,276480,411,135,382.9765948295593,1340,0.9435930699110031,0.0003,0.035791015625,0.495611310005188,0.2,137.40834045410156,0.0034874424,-0.0029019595742283853,-0.7155971424654126
-409.0499828,671,200.0,278528,414,136,213.1824328005314,1350,0.9379397854208946,0.0003,0.105859375,0.49116945266723633,0.2,40.037864685058594,0.0071723154,-0.005676928861066699,-0.711851243674755
-387.52297725999995,671,200.0,280576,417,137,776.520217370987,1360,0.8135550320148468,0.0003,0.046142578125,0.49934121966362,0.2,370.5331726074219,0.0042107557,-0.0035231591798947194,-0.7148884855210781
-382.47527885000005,670,200.0,282624,421,138,226.35236982703208,1370,0.919071227312088,0.0003,0.036572265625,0.4935738444328308,0.2,141.4030303955078,0.0031329482,-0.0009145004969468573,-0.7173508655279874
-358.12506012,668,200.0,284672,425,139,100.20223613381386,1380,0.9750320632010698,0.0003,0.08466796875,0.4852816164493561,0.2,50.51344680786133,0.006845712,-0.002242141857277602,-0.7027672786265612
-351.84082971,666,200.0,286720,430,140,110.45435539484023,1390,0.9630012959241867,0.0003,0.058251953125,0.48115023970603943,0.2,22.197986602783203,0.0053306976,-0.0038559001601242925,-0.6913089819252491
-358.68986198,665,200.0,288768,433,141,354.7439783215523,1400,0.8574230074882507,0.0003,0.03408203125,0.4897524118423462,0.2,126.51583099365234,0.0021656728,0.0010003009025240316,-0.6939607761800289
-336.71569130999995,664,200.0,290816,437,142,474.4653749227524,1410,0.911659449338913,0.0003,0.026806640625,0.49304983019828796,0.2,165.24229431152344,0.0021927492,-0.0009620774653740227,-0.7081257563084364
-322.63388164,664,200.0,292864,440,143,508.2466175556183,1420,0.9343342557549477,0.0003,0.031298828125,0.49606242775917053,0.2,201.4222412109375,0.0017661342,-0.0029284887612448076,-0.7152038617059588
-326.16067419,663,200.0,294912,444,144,336.9018025636673,1430,0.9487904086709023,0.0003,0.087890625,0.49818891286849976,0.2,126.43658447265625,0.008169519,-0.005083331222704146,-0.7198707463219762
-319.34740739,662,200.0,296960,448,145,387.29291982650756,1440,0.7941821962594986,0.0003,0.046484375,0.5003097653388977,0.2,103.0316162109375,0.0028825384,-0.0029409080088953488,-0.7247725520282984
-295.95864862,662,200.0,299008,451,146,59.87225555479527,1450,0.9435174539685249,0.0003,0.073876953125,0.4982500672340393,0.2,15.008438110351562,0.010746831,0.0009223620923876297,-0.7231441186740994
-305.27276974,662,200.0,301056,454,147,471.82911640405655,1460,0.8688285648822784,0.0003,0.044140625,0.49615147709846497,0.2,279.429931640625,0.003038284,-0.004872831075044814,-0.7203547660261392
-308.71741820000005,662,200.0,303104,457,148,276.5803588569164,1470,0.9430860579013824,0.0003,0.037841796875,0.4973970055580139,0.2,84.12803649902344,0.0046108854,-0.0026797282785992137,-0.7192598562687635
-310.78469921,662,200.0,305152,460,149,75.75115531086922,1480,0.9597369134426117,0.0003,0.056591796875,0.5027375221252441,0.2,22.142154693603516,0.0076208026,-0.00038061359082348646,-0.7252308961004019
-295.27415198,662,200.0,307200,463,150,36.42246010005474,1490,0.9842454511672258,0.0003,0.16240234375,0.5102429389953613,0.2,17.366641998291016,0.006022159,-0.0030678958137286827,-0.738873190805316
-286.14939843,662,200.0,309248,466,151,20.31761267594993,1500,0.9874348873272538,0.0003,0.06689453125,0.5058997273445129,0.2,2.917167901992798,0.007023225,-0.00012109615199733526,-0.7427866460755468
-286.14659433,662,200.0,311296,469,152,171.09366482794286,1510,0.9297726973891258,0.0003,0.0599609375,0.4984229505062103,0.2,58.506412506103516,0.006935913,-0.0026212177632260135,-0.7297529758885503
-290.75338072,662,200.0,313344,472,153,481.1747526407242,1520,0.9032557606697083,0.0003,0.033251953125,0.5017811059951782,0.2,220.1454315185547,0.0045548966,-0.002928297237667721,-0.7251510417088867
-298.56148915,662,200.0,315392,476,154,150.40396734178066,1530,0.9389366582036018,0.0003,0.0765625,0.501893162727356,0.2,128.15420532226562,0.009891499,-0.0037336252913519274,-0.7296863483265043
-315.75695134,662,200.0,317440,479,155,52.53222245797515,1540,0.9814856573939323,0.0003,0.078515625,0.502377986907959,0.2,17.069381713867188,0.0060002315,-0.002505699776520487,-0.7309648958966136
-322.90490393000005,662,200.0,319488,482,156,195.7950587451458,1550,0.9170417487621307,0.0003,0.052490234375,0.5042534470558167,0.2,68.66288757324219,0.0053823665,-0.002972619530191878,-0.7315407609567046
-318.43974479,662,200.0,321536,485,157,251.60855345726014,1560,0.9552555344998837,0.0003,0.023291015625,0.5046406388282776,0.2,46.19289016723633,0.003302638,-0.00017049608431989326,-0.7344454186037183
-319.14192783,662,200.0,323584,488,158,596.6968950271606,1570,0.9151907563209534,0.0003,0.019140625,0.5052425861358643,0.2,238.49472045898438,0.0026208814,-0.0020426942679478088,-0.7356161048635841
-312.6926813,662,200.0,325632,491,159,330.02276561260226,1580,0.9621723592281342,0.0003,0.0623046875,0.5001084804534912,0.2,49.98155975341797,0.0038104127,-0.0012891565565951169,-0.7311149893328548
-298.54684270999996,662,200.0,327680,494,160,239.48985072374344,1590,0.9198613464832306,0.0003,0.042724609375,0.49084264039993286,0.2,170.1149139404297,0.004905411,-0.0024625984431622784,-0.7168601643294096
-291.97160697,662,200.0,329728,497,161,13.523701177816838,1600,0.9388850592076778,0.0003,0.140234375,0.4962264597415924,0.2,0.5004279017448425,0.0037324135,0.003492289769201307,-0.7148879081010818
-282.80307525,662,200.0,331776,500,162,30.537896604649724,1610,0.9719268027693033,0.0003,0.113623046875,0.4945468306541443,0.2,2.350201368331909,0.019062141,0.0007454597063770052,-0.7132746169343591
-260.12404271,662,200.0,333824,503,163,148.86345586180687,1620,0.9535591043531895,0.0003,0.071142578125,0.4945853650569916,0.2,72.87537384033203,0.0050966917,-0.005922304457635618,-0.7142808744683862
-255.26060613,662,200.0,335872,506,164,21.589658074826,1630,0.9380546435713768,0.0003,0.129541015625,0.4978138506412506,0.2,5.865819454193115,0.010256659,-0.001791459233209025,-0.7193796886131167
-249.62274792,663,200.0,337920,509,165,17.29080460444093,1640,0.9864983446896076,0.0003,0.094970703125,0.49227938055992126,0.2,6.958667755126953,0.015000486,-0.0050216557101521175,-0.7131352657452226
-230.64870747,663,200.0,339968,512,166,8.728040112461894,1650,0.980187626555562,0.0003,0.092578125,0.4884723424911499,0.2,1.2903685569763184,0.0036878167,0.002837524111237144,-0.7094190090894699
-223.31943335,663,200.0,342016,515,167,4.837265498377382,1660,0.9939313940703869,0.0003,0.124658203125,0.4753740131855011,0.2,0.8372141122817993,0.011989168,-0.0015254190962878055,-0.6895704351365566
-222.88907734000003,663,200.0,344064,518,168,40.701378821209076,1670,0.9892336521297693,0.0003,0.093359375,0.4726642668247223,0.2,14.128807067871094,0.008643754,-0.007322929693327751,-0.6722050569951534
-222.15014538,663,200.0,346112,521,169,145.6639762610197,1680,0.9197432696819305,0.0003,0.0205078125,0.47431913018226624,0.2,47.01534652709961,0.0030774544,-0.0010595774379908106,-0.6708475854247808
-231.79105823999998,663,200.0,348160,524,170,17.823449174128474,1690,0.973168708384037,0.0003,0.127197265625,0.46581655740737915,0.2,3.1274380683898926,0.008707354,0.004816232515986485,-0.6638772306963802
-240.10666503999997,663,200.0,350208,528,171,120.39527950584889,1700,0.9495568796992302,0.0003,0.01796875,0.4659918248653412,0.2,76.75773620605469,0.0010385145,-0.0002478895301464945,-0.6545272259041667
-242.76428269,663,200.0,352256,531,172,188.53950756788254,1710,0.9619239009916782,0.0003,0.033203125,0.46633991599082947,0.2,144.31304931640625,0.0022510467,-0.005813436507014558,-0.6555842325091362
-255.76664063,663,200.0,354304,534,173,160.88232889771461,1720,0.9502438120543957,0.0003,0.03310546875,0.4674451947212219,0.2,42.547603607177734,0.0073090484,-0.005456960369701847,-0.6575526650995016
-252.15524062000003,663,200.0,356352,537,174,219.23975769281387,1730,0.9062753021717072,0.0003,0.02724609375,0.4680170714855194,0.2,54.064361572265625,0.0021486038,-0.0033743991516530514,-0.6585403099656105
-263.88607496000003,663,200.0,358400,540,175,43.72756984978914,1740,0.9768514186143875,0.0003,0.042333984375,0.4595690965652466,0.2,13.908456802368164,0.003226728,-0.0009075243258848786,-0.6520603835582733
-261.58088667000004,663,200.0,360448,543,176,40.1971538066864,1750,0.9716238267719746,0.0003,0.106982421875,0.46305304765701294,0.2,29.135658264160156,0.010383146,-0.0031214545189868657,-0.6449367098510266
-252.48489774,663,200.0,362496,546,177,11.7350869897753,1760,0.9919187994673848,0.0003,0.16435546875,0.455896258354187,0.2,2.949855327606201,0.01716565,0.002648598151790793,-0.6427017390727997
-242.06804567000003,663,200.0,364544,549,178,11.406787471100689,1770,0.9762926455587149,0.0003,0.080078125,0.44451528787612915,0.2,5.649202346801758,0.009781436,0.0008531618799679563,-0.621919441781938
-236.231885,663,200.0,366592,552,179,4.004285549465567,1780,0.9970309955533594,0.0003,0.161865234375,0.44446203112602234,0.2,0.2300949990749359,0.009583157,0.00539929091828526,-0.6107550512999296
-227.05811713000006,663,200.0,368640,555,180,2.8752520790090785,1790,0.9872027784585953,0.0003,0.146044921875,0.4447431266307831,0.2,0.7673172950744629,0.01421291,0.004745444635409513,-0.6090040963143111
-224.47781162000004,663,200.0,370688,558,181,7.458353813085705,1800,0.9901540372520685,0.0003,0.0431640625,0.4407952129840851,0.2,0.9594414830207825,0.0028181637,0.0012629760014533531,-0.6035954909399152
-222.75288195999997,663,200.0,372736,561,182,7.635179070942104,1810,0.9897156730294228,0.0003,0.056689453125,0.44049176573753357,0.2,1.6876778602600098,0.008074782,-0.0007820510265446501,-0.5979824351146817
-210.45301918999994,663,200.0,374784,564,183,15.90334011670202,1820,0.9948736457154155,0.0003,0.078076171875,0.43887653946876526,0.2,5.6091742515563965,0.010799169,-0.004311519206385128,-0.5971598422154785
-207.67897394999997,663,200.0,376832,567,184,4.4118325566407295,1830,0.9872570615261793,0.0003,0.194091796875,0.43527206778526306,0.2,2.293924570083618,0.02377027,0.002718631822426687,-0.5889313349500298
-196.50088818,663,200.0,378880,570,185,11.037889731489122,1840,0.9823135752230883,0.0003,0.093701171875,0.4334239363670349,0.2,3.9169883728027344,0.008185421,0.0006309913078439422,-0.5852658554911614
-185.79085856999998,663,200.0,380928,573,186,2.99076300712768,1850,0.9872926650568843,0.0003,0.182177734375,0.4288790225982666,0.2,0.35360243916511536,0.026235115,0.005798191420035436,-0.5765701252967119
-186.03356522,663,200.0,382976,577,187,2.5603688546456396,1860,0.9851995948702097,0.0003,0.165087890625,0.420734167098999,0.2,0.5954703688621521,0.010869557,0.00026720492460299285,-0.5631933240219951
-201.0896788,663,200.0,385024,580,188,4.796391469426453,1870,0.9885244714096189,0.0003,0.060693359375,0.41600313782691956,0.2,1.0939520597457886,0.0063126674,-0.0008014849091523502,-0.5475614529103041
-216.83056360999998,663,200.0,387072,583,189,132.75524270310999,1880,0.8936222270131111,0.0003,0.04814453125,0.41776108741760254,0.2,28.487592697143555,0.0033993958,-0.003365513727476355,-0.5431456424295902
-222.42523373999995,663,200.0,389120,586,190,142.04620876610278,1890,0.9492816664278507,0.0003,0.021044921875,0.41891342401504517,0.2,40.06119918823242,0.0035807563,-0.003354531602235511,-0.5473593875765801
-232.49235446000003,663,200.0,391168,589,191,92.31602494269609,1900,0.9660649672150612,0.0003,0.00908203125,0.4188218414783478,0.2,7.624583721160889,0.0013708237,0.00017122705576184672,-0.5490268955007196
-233.80323403999998,663,200.0,393216,592,192,158.519020524621,1910,0.9740347340703011,0.0003,0.011474609375,0.41900700330734253,0.2,53.81816864013672,0.0016983245,-0.0024840303107339424,-0.5489628165960312
-245.05359553000002,663,200.0,395264,595,193,130.00802020132542,1920,0.9846479203552008,0.0003,0.0748046875,0.41888439655303955,0.2,19.75518798828125,0.0070386743,-0.0019438003484538058,-0.5493180120363832
-260.65134570000004,663,200.0,397312,598,194,130.0272700726986,1930,0.9841971173882484,0.0003,0.042041015625,0.41839030385017395,0.2,92.09902954101562,0.004901725,-0.006405175088730175,-0.5479396348819137
-265.08462189,663,200.0,399360,601,195,185.7633969157934,1940,0.9845519158989191,0.0003,0.02529296875,0.416201114654541,0.2,92.44119262695312,0.0037436797,-0.0017122659555752762,-0.5442894544452429
-272.52449376,664,200.0,401408,604,196,108.80089943259955,1950,0.7730341255664825,0.0003,0.046875,0.41435864567756653,0.2,7.256353855133057,0.004691287,-0.002925609135127161,-0.540626310557127
