time/episodes,time/fps,rollout/ep_rew_mean,rollout/ep_len_mean,time/time_elapsed,time/total_timesteps,train/approx_kl,train/value_loss,train/std,train/n_updates,train/loss,train/explained_variance,train/clip_range,train/learning_rate,train/clip_fraction,train/policy_gradient_loss,train/entropy_loss
1,1054,-280.41588931578946,107.36842105263158,1,2048,,,,,,,,,,,
2,791,-266.15953625,113.19444444444444,5,4096,0.0054706144,2755.0102096557616,0.9943646192550659,10,873.4169921875,-0.0046007633209228516,0.2,0.0003,0.037060546875,-0.005129057122394443,-2.8313007220625876
3,725,-223.5342119074074,112.44444444444444,8,6144,0.0058787884,1508.9634134292603,1.0038503408432007,20,575.6976928710938,-0.05094349384307861,0.2,0.0003,0.04521484375,-0.0060541566257597875,-2.836901330202818
4,697,-211.80696116666667,113.13888888888889,11,8192,0.0065771937,578.8466432094574,1.0013611316680908,30,303.93572998046875,-0.013397574424743652,0.2,0.0003,0.054296875,-0.007274247909663245,-2.8432668931782246
5,682,-196.32911513483143,114.21348314606742,15,10240,0.004984433,757.4069321632385,1.0125293731689453,40,324.0497741699219,-0.00529325008392334,0.2,0.0003,0.029443359375,-0.004902978203608655,-2.853836977481842
6,672,-172.30130384999995,113.67,18,12288,0.01102757,420.5262215614319,1.0072879791259766,50,102.2965087890625,-0.001821756362915039,0.2,0.0003,0.103369140625,-0.007477318959718105,-2.8544700667262077
7,665,-154.22256807999997,124.92,21,14336,0.010302924,328.19973487854,1.010183572769165,60,106.09346008300781,-0.022859811782836914,0.2,0.0003,0.124267578125,-0.008602410074672662,-2.858834543079138
8,661,-124.71586482999999,127.47,24,16384,0.0029466657,415.20741801261903,1.0114201307296753,70,225.65599060058594,0.0034793615341186523,0.2,0.0003,0.007861328125,-0.002580204278638121,-2.8575329847633837
9,657,-114.01206432999999,134.09,28,18432,0.0022284952,384.55865993499754,1.0126844644546509,80,143.51109313964844,-0.04276227951049805,0.2,0.0003,0.000927734375,-0.002019984151775134,-2.8607326723635196
10,654,-106.04620701,147.22,31,20480,0.006141767,331.9212981939316,1.0071418285369873,90,83.36890411376953,0.05502444505691528,0.2,0.0003,0.03447265625,-0.005163645121501759,-2.8577820733189583
11,651,-108.99204572000001,155.69,34,22528,0.0039795823,251.7176837205887,1.007819652557373,100,121.7696304321289,-0.3518855571746826,0.2,0.0003,0.011181640625,-0.002864259846683126,-2.85065006762743
12,650,-98.32641545,161.93,37,24576,0.0048923874,574.0594358921051,1.0077099800109863,110,151.98072814941406,0.03665602207183838,0.2,0.0003,0.023193359375,-0.0070055136166047305,-2.8518437676131727
13,647,-92.40530011000001,169.11,41,26624,0.0038454444,513.0604611873626,1.0085934400558472,120,237.2565460205078,0.1681031584739685,0.2,0.0003,0.01875,-0.003389398923900444,-2.852071411907673
14,646,-85.80549328000001,174.83,44,28672,0.0049289963,216.0731444120407,1.0064839124679565,130,90.22168731689453,0.3286994695663452,0.2,0.0003,0.0240234375,-0.005066485815041233,-2.8513743236660956
15,645,-81.85134381999998,189.07,47,30720,0.0049556987,278.48547582626344,1.0016603469848633,140,108.21669006347656,0.3714619278907776,0.2,0.0003,0.033154296875,-0.0075238610836095175,-2.8435150250792502
16,644,-74.76228771999999,197.33,50,32768,0.006413026,164.70737669467925,0.9961642026901245,150,47.90845489501953,0.586376816034317,0.2,0.0003,0.039208984375,-0.007861898490227759,-2.833479757606983
17,643,-69.17170339,197.99,54,34816,0.0057436377,96.15103913545609,0.9942770004272461,160,58.65855026245117,0.673635333776474,0.2,0.0003,0.038818359375,-0.007143472945608664,-2.826048398017883
18,642,-66.09484810000001,215.87,57,36864,0.0059344303,116.82472398281098,0.9792842864990234,170,66.51863098144531,0.7258988320827484,0.2,0.0003,0.050244140625,-0.005301776602573227,-2.811778887361288
19,641,-63.88031629,227.63,60,38912,0.014839822,64.93138992786407,0.9573139548301697,180,23.150449752807617,0.8104933351278305,0.2,0.0003,0.13056640625,-0.013757187047121987,-2.7747104607522486
20,639,-60.8227456,244.94,64,40960,0.0059126513,117.24421619176864,0.9524949789047241,190,82.96627044677734,0.7850949615240097,0.2,0.0003,0.044140625,-0.004089526834286516,-2.7453802078962326
21,639,-56.805060780000005,253.4,67,43008,0.012790356,33.91573113799095,0.9322011470794678,200,32.63146209716797,0.91252301633358,0.2,0.0003,0.116845703125,-0.010686525789787992,-2.717687309533358
22,639,-52.12573788999999,264.65,70,45056,0.0052423673,104.2630088686943,0.9278431534767151,210,13.25301456451416,0.7934692800045013,0.2,0.0003,0.0556640625,-0.00592705045855837,-2.692666453123093
23,638,-50.57799253,282.48,73,47104,0.004551193,165.81703666448593,0.9287775754928589,220,110.51640319824219,0.7741619348526001,0.2,0.0003,0.03115234375,-0.0045085049379849805,-2.68908780887723
24,638,-47.496769449999995,291.09,77,49152,0.0071934424,91.97779753804207,0.9343546628952026,230,46.26590347290039,0.784068375825882,0.2,0.0003,0.08701171875,-0.007769276625185739,-2.697934841364622
25,637,-44.76016710999999,300.45,80,51200,0.008568951,61.099358695745465,0.9182685017585754,240,19.062957763671875,0.8679746985435486,0.2,0.0003,0.09599609375,-0.006330879742017714,-2.682880516350269
26,636,-37.93549242,319.19,83,53248,0.0060664234,77.42030338644982,0.9216570854187012,250,15.004598617553711,0.7372366786003113,0.2,0.0003,0.06337890625,-0.00738425918862049,-2.6691320680081843
27,636,-34.111821279999994,330.32,86,55296,0.0061370838,78.43196330070495,0.9164046049118042,260,40.31105041503906,0.8205267637968063,0.2,0.0003,0.07470703125,-0.0061371220566798,-2.668414068222046
28,635,-27.195040529999993,345.83,90,57344,0.006686764,95.48480402231216,0.9077894687652588,270,35.393516540527344,0.8083588927984238,0.2,0.0003,0.0548828125,-0.0069002923606603876,-2.6535382486879824
29,634,-23.5182412,362.2,93,59392,0.009266796,30.00796146094799,0.8757809400558472,280,10.42426872253418,0.8913619667291641,0.2,0.0003,0.071826171875,-0.005346577768796124,-2.6056571409106253
30,634,-18.48564862,378.3,96,61440,0.0074085956,43.69894635677338,0.8735802173614502,290,10.965967178344727,0.8165354132652283,0.2,0.0003,0.0904296875,-0.00752811115453369,-2.5671908065676687
31,634,-16.12948061,395.82,100,63488,0.00821138,11.135907083749771,0.8554543256759644,300,4.673379421234131,0.9298067986965179,0.2,0.0003,0.118115234375,-0.007063430213020183,-2.543435774743557
32,634,-15.10050674,409.4,103,65536,0.009174221,14.657753787189723,0.8421114683151245,310,8.132262229919434,0.9181969314813614,0.2,0.0003,0.109716796875,-0.007504612050979631,-2.5067157104611395
33,633,-8.44504195,431.84,106,67584,0.006559906,48.91545566022396,0.8406683802604675,320,30.437091827392578,0.8451410830020905,0.2,0.0003,0.04443359375,-0.0027628791882307268,-2.492117539048195
34,633,-3.6322109,447.6,109,69632,0.007102457,142.1933577775955,0.8336646556854248,330,131.67013549804688,0.6656243801116943,0.2,0.0003,0.07822265625,-0.0052120055748673625,-2.4806245476007462
35,632,1.7562827400000005,461.76,113,71680,0.005762578,10.588554184138776,0.8163461685180664,340,9.354140281677246,0.91569784283638,0.2,0.0003,0.077783203125,-0.004824852671299595,-2.451686479896307
36,632,4.871987140000002,477.69,116,73728,0.006178892,130.0005990922451,0.8181568384170532,350,70.32427215576172,0.5827688872814178,0.2,0.0003,0.044873046875,-0.0014657083695055917,-2.4327614568173885
37,631,11.292425519999997,494.59,119,75776,0.010807362,12.065451101958752,0.8223560452461243,360,8.574335098266602,0.8888839334249496,0.2,0.0003,0.130419921875,-0.005285331546474481,-2.441826070100069
38,631,13.440503119999999,505.55,123,77824,0.008482711,99.18548984825611,0.8099757432937622,370,13.426568031311035,0.5021781027317047,0.2,0.0003,0.077001953125,-0.004676623993145767,-2.430653937160969
39,631,15.243678229999995,524.64,126,79872,0.0048845857,73.2143171057105,0.8047357797622681,380,23.54246711730957,0.6579024493694305,0.2,0.0003,0.045263671875,-0.004505835035524796,-2.4088294304907323
40,631,18.03162783,541.15,129,81920,0.00594786,53.668010756373405,0.7923697829246521,390,3.56758451461792,0.7563265711069107,0.2,0.0003,0.061865234375,-0.0024333425040822475,-2.385559309273958
41,631,22.858111309999998,557.29,133,83968,0.007137401,8.99484178647399,0.7810014486312866,400,4.8320088386535645,0.9045363366603851,0.2,0.0003,0.102392578125,-0.005664855158829596,-2.354628262668848
42,630,26.412864769999995,563.16,136,86016,0.0070206337,8.19550868049264,0.7645297050476074,410,2.410492420196533,0.8990279287099838,0.2,0.0003,0.075244140625,-0.004055796288594138,-2.3167337387800218
43,630,28.656325599999995,580.69,139,88064,0.006985478,58.671943405270575,0.7618516683578491,420,67.01922607421875,0.6035548448562622,0.2,0.0003,0.0669921875,-0.00201672504117596,-2.2961564108729364
44,630,32.45346875,597.96,142,90112,0.0076084463,6.491002934426069,0.7573829889297485,430,4.141712665557861,0.9405629746615887,0.2,0.0003,0.080322265625,-0.004188499873271212,-2.2880340360105036
45,630,33.75141242,614.24,146,92160,0.007658968,58.14339832216501,0.756333589553833,440,23.757598876953125,0.748084306716919,0.2,0.0003,0.055517578125,-0.006031350505509181,-2.277811881899834
46,630,36.38776439000001,630.29,149,94208,0.0071676653,103.56624462604523,0.756229043006897,450,138.3050537109375,0.6738735437393188,0.2,0.0003,0.056591796875,-0.004590926923265215,-2.2793700978159905
47,629,41.804403150000006,644.25,152,96256,0.007617023,7.571626444905997,0.7456657886505127,460,2.4959099292755127,0.961499284952879,0.2,0.0003,0.06943359375,-0.003651359508512542,-2.2646685771644117
48,629,44.00067184999999,661.06,156,98304,0.0023358485,154.20285479724407,0.7403303384780884,470,8.684957504272461,0.5973978936672211,0.2,0.0003,0.031103515625,-0.00029217342598713,-2.2434647560119627
49,629,46.556034069999995,677.5,159,100352,0.0065991003,6.290481779351831,0.7215467691421509,480,2.93266224861145,0.9687109924852848,0.2,0.0003,0.0697265625,-0.00805774046748411,-2.208848251402378
50,629,46.820810120000004,681.17,162,102400,0.005007965,12.10983728915453,0.7123268842697144,490,4.476970195770264,0.8546116501092911,0.2,0.0003,0.058984375,-0.0016745021828683093,-2.172204852104187
51,629,49.56656187000001,689.66,165,104448,0.005149856,94.56514797061682,0.7154058218002319,500,56.42985534667969,0.7378918528556824,0.2,0.0003,0.037841796875,-0.004201882379857125,-2.160144463926554
52,629,50.49449631,691.28,169,106496,0.009029396,3.5032017294317486,0.7252081632614136,510,1.5195107460021973,0.9753304813057184,0.2,0.0003,0.097021484375,-0.001990265154017834,-2.1764247119426727
53,629,53.55328524000001,706.4,172,108544,0.0070218965,56.35121611878276,0.724769115447998,520,14.428288459777832,0.7856683135032654,0.2,0.0003,0.0595703125,-0.007111413300299319,-2.1931255735456943
54,629,58.51784611,711.09,175,110592,0.004339888,144.92854394614696,0.7209473848342896,530,62.61591339111328,0.6308124661445618,0.2,0.0003,0.033984375,-0.0033944396083825266,-2.1875971861183645
55,629,59.257631950000004,721.94,178,112640,0.005874824,88.66447083950042,0.719145655632019,540,31.18486785888672,0.6869942247867584,0.2,0.0003,0.053173828125,-0.0039021920529194176,-2.1798216596245767
56,629,60.607892580000005,721.94,182,114688,0.005524565,38.720362765714526,0.7224013209342957,550,3.0523040294647217,0.840588316321373,0.2,0.0003,0.04921875,-0.0033301619652775115,-2.1844355016946793
57,629,62.86203959,733.69,185,116736,0.0043952903,6.955866624973714,0.7215873003005981,560,4.345423221588135,0.9532619789242744,0.2,0.0003,0.06669921875,-0.0038677570159052267,-2.1873039312660696
58,628,70.51533031999999,746.62,188,118784,0.0044817114,89.33863348960877,0.7201638221740723,570,3.7551090717315674,0.724589616060257,0.2,0.0003,0.069140625,-0.0022475756410130997,-2.1839916497468947
59,628,74.36166073,750.02,192,120832,0.005871539,187.99854927659035,0.7153782248497009,580,110.52349853515625,0.5776603519916534,0.2,0.0003,0.057373046875,-0.003937049020896666,-2.1748996868729593
60,628,78.48180615,737.81,195,122880,0.0037713847,85.06825058609247,0.7054852247238159,590,23.566381454467773,0.677103191614151,0.2,0.0003,0.037451171875,-0.0017645340791204943,-2.1526041574776174
61,628,84.89682920999999,744.16,198,124928,0.007161803,114.18578543066978,0.7011904716491699,600,199.55511474609375,0.6292577981948853,0.2,0.0003,0.055322265625,-0.0010607467935187741,-2.135020723193884
62,628,85.12362613,745.07,201,126976,0.00854511,126.4647985458374,0.6914650201797485,610,109.54718017578125,0.6456590890884399,0.2,0.0003,0.08955078125,-0.004796439526398899,-2.116251353174448
63,628,86.21521981,750.83,205,129024,0.005705326,31.614839252084494,0.6921712160110474,620,77.95209503173828,0.7980093210935593,0.2,0.0003,0.107568359375,-0.0015170332611887717,-2.099904315173626
64,628,87.70032567,758.33,208,131072,0.010193313,7.267915369570256,0.6762194633483887,630,3.371565818786621,0.9748969580978155,0.2,0.0003,0.108984375,-0.0061491962187574245,-2.0767629504203797
65,628,88.87942608999998,752.06,211,133120,0.0066946093,100.48810524642468,0.6745439767837524,640,63.23512649536133,0.7462231516838074,0.2,0.0003,0.052978515625,-0.0022398053151846398,-2.05180372223258
66,628,93.51808707,749.12,215,135168,0.005094469,51.87241256646812,0.6714156866073608,650,47.18608474731445,0.7663679420948029,0.2,0.0003,0.0810546875,0.00027315560000715775,-2.047209270298481
67,628,98.77742175000002,727.66,218,137216,0.0072682165,81.91678274124861,0.6693012714385986,660,13.332488059997559,0.7106465399265289,0.2,0.0003,0.051806640625,0.00025177949282806367,-2.0391033217310905
68,628,100.06641673,717.78,221,139264,0.004163482,153.08540904223918,0.6642623543739319,670,36.49995803833008,0.6526634991168976,0.2,0.0003,0.04990234375,-0.0031240978350979276,-2.0261414527893065
69,628,101.20994221,712.86,224,141312,0.0064949747,116.88793714791537,0.6633917093276978,680,35.98851776123047,0.7215606272220612,0.2,0.0003,0.093017578125,-0.006514126303227385,-2.018749064952135
70,628,100.37223060000002,709.86,228,143360,0.0068959272,38.58153652176261,0.6550136804580688,690,5.890224933624268,0.8532508313655853,0.2,0.0003,0.073291015625,-0.0010358457948314026,-2.001549129188061
71,628,101.66679771000001,705.25,231,145408,0.007932332,89.90620127692819,0.6492823362350464,700,59.489654541015625,0.6722923815250397,0.2,0.0003,0.077197265625,-0.003349575358151924,-1.9825381699949503
72,628,101.90421209,710.41,234,147456,0.011491723,64.54153064340353,0.6385576725006104,710,61.86714172363281,0.8192017674446106,0.2,0.0003,0.11044921875,-0.0057874264239217155,-1.956026691943407
73,628,102.92942853999998,710.41,238,149504,0.010812949,8.361060697585344,0.6204218864440918,720,3.5985984802246094,0.9565689340233803,0.2,0.0003,0.097998046875,-0.003290020408167038,-1.9085350822657348
74,628,105.33819779999997,710.59,241,151552,0.0062304744,3.577429144643247,0.6068133115768433,730,1.66354238986969,0.9717836752533913,0.2,0.0003,0.098583984375,-0.0026281538303010166,-1.8600159239023923
75,628,108.37659231000002,699.76,244,153600,0.004431643,26.900245865248145,0.6053637266159058,740,3.4637203216552734,0.8628820925951004,0.2,0.0003,0.07041015625,0.0008283303388452623,-1.834708769246936
76,628,104.96913312000001,676.23,247,155648,0.0053966343,83.60782047212123,0.6013759970664978,750,10.682894706726074,0.6763140559196472,0.2,0.0003,0.049560546875,0.001559634626028128,-1.8286230098456144
77,628,107.92091683999999,671.64,251,157696,0.0060412586,184.20113916695118,0.5985366702079773,760,66.26846313476562,0.6682135760784149,0.2,0.0003,0.07001953125,-0.0068266394049715014,-1.816212896630168
78,628,110.51760451999999,674.07,254,159744,0.007384916,85.20360570996999,0.5980243682861328,770,17.649417877197266,0.6407113373279572,0.2,0.0003,0.06396484375,-0.001002318743849173,-1.8096815172582865
79,628,110.49092166,673.37,257,161792,0.006859173,61.26647726520896,0.5906336903572083,780,36.28322219848633,0.7945350259542465,0.2,0.0003,0.0662109375,-0.006222833142237505,-1.7955321121960879
80,628,110.15942688,679.25,260,163840,0.008870051,41.37316340375692,0.591244637966156,790,10.039754867553711,0.7613832354545593,0.2,0.0003,0.09052734375,-0.0020365923075587487,-1.787001534178853
81,628,110.75394337,672.44,264,165888,0.00969857,3.37861643480137,0.5792567729949951,800,3.662139654159546,0.973032757639885,0.2,0.0003,0.089697265625,-0.0016351537509763149,-1.7617561731487512
82,628,110.68419501,672.87,267,167936,0.0062649436,63.86842984855175,0.5793555974960327,810,4.627770900726318,0.7033196091651917,0.2,0.0003,0.074951171875,-0.0005077604320831597,-1.745188881084323
83,628,112.40717344999999,679.27,270,169984,0.011632433,35.90556092746556,0.5812638998031616,820,15.541138648986816,0.8672681599855423,0.2,0.0003,0.100927734375,-0.005795899716031272,-1.748119245097041
84,628,111.44572623,679.27,273,172032,0.006171088,2.853620723169297,0.5759364366531372,830,0.5250517725944519,0.9816225059330463,0.2,0.0003,0.09267578125,-0.0021373008261434735,-1.7400184489786625
85,628,113.08807709999999,685.44,277,174080,0.011552153,2.8093189032748342,0.5630919933319092,840,1.0953965187072754,0.97187739610672,0.2,0.0003,0.122705078125,-0.002288588191731833,-1.7060390491038562
86,628,114.59598212999998,692.14,280,176128,0.0061677247,1.908996393252164,0.5547370910644531,850,1.023498773574829,0.9820887912064791,0.2,0.0003,0.110400390625,-0.0034282156339031644,-1.6714869644492865
87,628,114.98492914999999,683.86,283,178176,0.009134108,5.118437785096466,0.5493247509002686,860,0.8357352018356323,0.9325882717967033,0.2,0.0003,0.08740234375,-0.0026754627848276868,-1.6460668202489614
88,628,112.94753901,695.93,286,180224,0.006540244,77.78692081421613,0.5523337721824646,870,72.0691909790039,0.751286968588829,0.2,0.0003,0.059423828125,-0.0008482726421789266,-1.6413769382983445
89,628,113.47528097,694.5,290,182272,0.00797273,3.294975232426077,0.5480782985687256,880,0.476701945066452,0.9719171356409788,0.2,0.0003,0.089794921875,-0.0026524638102273456,-1.6419585686177016
90,628,114.31991991000001,694.5,293,184320,0.006097459,54.120529047213495,0.5492990016937256,890,0.8888446092605591,0.733043909072876,0.2,0.0003,0.0654296875,-0.005211856296955375,-1.6353124745190144
91,628,112.77361941999999,704.8,296,186368,0.008812026,8.809734316170216,0.5482898950576782,900,0.9788363575935364,0.9189568683505058,0.2,0.0003,0.104541015625,-0.004016401860280894,-1.634609169885516
92,628,112.28148999999999,709.37,299,188416,0.008238646,30.536712246760725,0.558969259262085,910,48.329097747802734,0.9233718365430832,0.2,0.0003,0.099560546875,-0.0004745830980027677,-1.6508569210767745
93,628,113.16376516999999,717.34,303,190464,0.005440541,39.911741223931315,0.5566635727882385,920,47.46668243408203,0.8210618942975998,0.2,0.0003,0.07841796875,-0.00042210695464746096,-1.6688596647232772
94,628,115.92893940999998,705.75,306,192512,0.007317152,2.0787229713052513,0.556878924369812,930,2.277228355407715,0.9876315649598837,0.2,0.0003,0.079345703125,-0.0027726468062610364,-1.666845976561308
95,628,113.71168373,715.3,309,194560,0.004386496,117.52864483594894,0.5536085367202759,940,34.50390625,0.7021081447601318,0.2,0.0003,0.087646484375,-0.0014936639134248253,-1.6598542917519807
96,628,114.73751699,721.25,313,196608,0.005657012,44.91391095146537,0.5471975207328796,950,5.880405426025391,0.8355065435171127,0.2,0.0003,0.07353515625,0.0007075651003106032,-1.6436191253364085
97,628,116.868994,706.44,316,198656,0.009074882,28.947858909517528,0.547156572341919,960,1.469481110572815,0.8831556215882301,0.2,0.0003,0.093896484375,-0.002512276295601623,-1.6272920124232768
98,628,121.20644473,712.21,319,200704,0.003173918,135.61689122617244,0.5475782155990601,970,57.39494705200195,0.6277636587619781,0.2,0.0003,0.035400390625,-0.003048041415968328,-1.6279418725520372
99,627,120.69189046,705.64,322,202752,0.009286746,8.097597524151206,0.5482423305511475,980,1.015809178352356,0.4777466058731079,0.2,0.0003,0.09912109375,-0.002846025861799717,-1.6326248537749053
100,627,119.93107268,711.64,326,204800,0.007391842,106.4892841950059,0.5490683913230896,990,35.63155746459961,0.6422369182109833,0.2,0.0003,0.05947265625,-0.007486172851349693,-1.6330106012523173
101,627,119.80595594,710.06,329,206848,0.008900527,65.17938447892666,0.5479679107666016,1000,7.791853427886963,0.7889619171619415,0.2,0.0003,0.083837890625,0.00012452098526409826,-1.6320977233350278
102,627,119.73631204000002,725.57,332,208896,0.0061949887,25.515379992872475,0.5476688742637634,1010,45.297794342041016,0.8021859675645828,0.2,0.0003,0.072900390625,-0.0009442798298550769,-1.633884981647134
103,627,119.40131051999998,725.68,335,210944,0.007858891,34.2459665261209,0.540570855140686,1020,2.81123423576355,0.5904190838336945,0.2,0.0003,0.067626953125,-0.005746936777723022,-1.619157700613141
104,627,122.51981129000002,721.69,339,212992,0.007977085,73.94228082597256,0.540912926197052,1030,17.45016098022461,0.697682112455368,0.2,0.0003,0.098291015625,-0.0037072076833283064,-1.603493119031191
105,627,123.59091615000001,728.29,342,215040,0.009337101,129.93725663423538,0.5346308946609497,1040,61.57027816772461,0.6728997528553009,0.2,0.0003,0.0755859375,-0.0045555162600066975,-1.593443375453353
106,627,122.63362529000001,734.98,345,217088,0.013508557,5.664335285965353,0.5247857570648193,1050,0.3890727460384369,0.9440251514315605,0.2,0.0003,0.109521484375,-0.0016751930437749253,-1.562987531721592
107,627,122.44786161000002,735.49,348,219136,0.021661079,2.749172694887966,0.5163590312004089,1060,0.2759215831756592,0.9693166166543961,0.2,0.0003,0.138720703125,0.0021143916106666437,-1.5299453411251307
108,627,122.31879649000001,709.06,352,221184,0.004481131,49.49821425527334,0.5116919875144958,1070,43.848045349121094,0.8242850750684738,0.2,0.0003,0.02900390625,-0.0015481770809856244,-1.501638337224722
109,627,121.23982897999998,705.51,355,223232,0.0085207485,155.28070505261422,0.5066032409667969,1080,153.9803466796875,0.6184051334857941,0.2,0.0003,0.0765625,-0.002592893343535252,-1.4825066968798637
110,627,120.09507958999998,711.7,358,225280,0.0063506397,96.8216554760933,0.5054158568382263,1090,40.21792221069336,0.7984284460544586,0.2,0.0003,0.071630859375,0.0007812874857336283,-1.470265194773674
111,627,126.49012700000002,721.01,362,227328,0.013329614,4.156615593563766,0.5080981850624084,1100,0.8741354942321777,0.9197311550378799,0.2,0.0003,0.123095703125,-0.0002560928638558835,-1.4706974640488624
112,627,126.26641355,720.47,365,229376,0.004045729,64.8900537610054,0.5074229836463928,1110,67.63677978515625,0.759405255317688,0.2,0.0003,0.06123046875,-0.000781912928505335,-1.4766981545835733
113,627,128.61981724,717.9,368,231424,0.01413313,18.15200556796044,0.5087190270423889,1120,6.436211109161377,0.8379459530115128,0.2,0.0003,0.11484375,-0.0043355793910450306,-1.4752983674407005
114,627,131.95453356000004,717.02,371,233472,0.005389126,24.06931611485779,0.5093200206756592,1130,16.467147827148438,0.7811800241470337,0.2,0.0003,0.077880859375,8.660669263917952e-05,-1.475715585052967
115,627,131.18772911000002,717.02,375,235520,0.0070924223,61.17646726667881,0.5066973567008972,1140,32.15620040893555,0.6189340949058533,0.2,0.0003,0.067138671875,-0.004569914418971166,-1.4713479585945606
116,627,130.27898349999998,705.14,378,237568,0.013665424,4.097026762180031,0.5127039551734924,1150,1.014160394668579,0.8406101763248444,0.2,0.0003,0.127783203125,0.001326592717668973,-1.481698204576969
117,627,130.11430885,685.73,381,239616,0.0065868627,178.33730074465274,0.5136591196060181,1160,36.568939208984375,0.5894386470317841,0.2,0.0003,0.069189453125,-0.003647141221881611,-1.4891182899475097
118,627,129.08265185,679.11,384,241664,0.0065322733,84.12389523983002,0.5123894214630127,1170,17.05646324157715,0.8304289877414703,0.2,0.0003,0.069140625,-0.0038317694699799175,-1.4899505462497473
119,627,129.29256361,673.53,388,243712,0.010260266,70.32672138139606,0.513577938079834,1180,61.34926986694336,0.25875258445739746,0.2,0.0003,0.07490234375,-0.001692653547070222,-1.491354899480939
120,627,130.62572847,686.42,391,245760,0.00819378,38.74351681992412,0.5121241807937622,1190,3.5259385108947754,0.8123482763767242,0.2,0.0003,0.0708984375,-0.0005626355901767966,-1.4916410002857448
121,627,132.38830023000003,678.7,394,247808,0.009588997,4.0198355335742235,0.5114543437957764,1200,1.4670106172561646,0.879002183675766,0.2,0.0003,0.1298828125,-0.0023251520658959636,-1.4897712789475919
122,627,132.83638863000002,676.48,398,249856,0.010727394,71.3398218140006,0.5099178552627563,1210,14.883081436157227,0.7219860553741455,0.2,0.0003,0.112451171875,-0.004729944035352674,-1.4875390041619538
123,627,131.93456817,663.74,401,251904,0.010335527,86.46121934577823,0.508242666721344,1220,40.24240493774414,0.6669405698776245,0.2,0.0003,0.136279296875,-0.0024652040931869125,-1.4785371135920287
124,627,131.29002973000001,654.93,404,253952,0.006781359,86.7982666812837,0.5107804536819458,1230,55.95145034790039,0.6913148760795593,0.2,0.0003,0.0587890625,-0.005303264003669028,-1.4804634768515825
125,627,126.82151431,645.96,407,256000,0.005572659,61.75778339281678,0.5120519399642944,1240,7.819272518157959,0.8015236854553223,0.2,0.0003,0.0908203125,-0.004278282471932471,-1.4863465704023837
126,627,124.73336918000001,647.41,411,258048,0.013297804,82.50603452324867,0.5064460039138794,1250,60.95886993408203,0.6459846198558807,0.2,0.0003,0.119287109375,-0.003032498229731573,-1.4762916378676891
127,627,125.86647053,638.32,414,260096,0.007127491,49.10024735853076,0.49815624952316284,1260,2.8804450035095215,0.9345883280038834,0.2,0.0003,0.08076171875,-0.002927798737073317,-1.4482194244861604
128,627,124.07920848999998,634.8,417,262144,0.006581126,134.2820908293128,0.4944601058959961,1270,26.928470611572266,0.6525965929031372,0.2,0.0003,0.070751953125,-0.0005991082827677019,-1.4233754251152277
129,627,122.34251978,627.2,420,264192,0.009089498,206.90361807346343,0.49169039726257324,1280,25.343564987182617,0.6597160995006561,0.2,0.0003,0.112255859375,-0.008479787082615075,-1.412717679515481
130,627,124.57989888000002,641.64,424,266240,0.016702268,32.33217501789331,0.49054938554763794,1290,44.09246063232422,0.8829459995031357,0.2,0.0003,0.12236328125,-0.0011609642646362773,-1.4136752884835004
131,627,124.59330555000001,641.64,427,268288,0.0066611543,3.510800243727863,0.4916704297065735,1300,0.3969896733760834,0.9044070243835449,0.2,0.0003,0.10595703125,0.0014458595425821841,-1.4105249989777804
132,627,122.10026060000001,630.44,430,270336,0.009482412,2.841642258875072,0.48798543214797974,1310,0.5640714764595032,0.9590051732957363,0.2,0.0003,0.1029296875,-0.00025077665341086683,-1.3966026831418277
133,627,117.13924168,618.7,434,272384,0.004147257,125.42683420777321,0.4871305823326111,1320,45.78514099121094,0.7353534698486328,0.2,0.0003,0.069775390625,-0.004241092273878167,-1.3881191957741976
134,627,112.48527134000001,616.88,437,274432,0.007063265,137.86181697696446,0.4872991442680359,1330,60.505088806152344,0.7167766094207764,0.2,0.0003,0.053857421875,-0.005239873908431036,-1.3866990115493536
135,627,114.77708706,620.82,440,276480,0.008241687,48.899402890354395,0.4857614040374756,1340,30.04669761657715,0.8982168063521385,0.2,0.0003,0.090087890625,-0.0009437726330361329,-1.382275477051735
136,627,111.6146166,606.27,443,278528,0.008830554,95.6343879595399,0.4821036458015442,1350,82.735107421875,0.6921081244945526,0.2,0.0003,0.093017578125,0.0007298090233234689,-1.3713167756795883
137,627,111.70717138000002,598.43,447,280576,0.007257708,117.12855813503265,0.4797897934913635,1360,44.986412048339844,0.8383847922086716,0.2,0.0003,0.039404296875,-0.0007095910943462514,-1.358006165921688
138,627,118.10733721000001,604.18,450,282624,0.006437408,156.6657095193863,0.47676753997802734,1370,106.32500457763672,0.6340010464191437,0.2,0.0003,0.04228515625,-0.002961662318557501,-1.346623272448778
139,627,117.65188828000001,607.28,453,284672,0.009317332,73.74204372018576,0.4749237298965454,1380,25.219655990600586,0.6141453087329865,0.2,0.0003,0.063134765625,-0.0007788180824718438,-1.3334835890680552
140,627,115.74655984999998,598.97,456,286720,0.011779868,40.58424153663218,0.4764431118965149,1390,58.602256774902344,0.8219014555215836,0.2,0.0003,0.167236328125,-0.004109952332510147,-1.3335175719112158
141,627,115.45904150999999,605.22,460,288768,0.00566643,138.29259911477567,0.47311943769454956,1400,26.529109954833984,0.5254684090614319,0.2,0.0003,0.064306640625,-0.002532162428542506,-1.3292192872613668
142,627,117.30158436000002,598.45,463,290816,0.007665951,33.249331458844246,0.47270557284355164,1410,24.0928897857666,0.8356142938137054,0.2,0.0003,0.12578125,0.0032814220918226055,-1.321608256176114
143,627,116.89376689999999,599.16,466,292864,0.0039207744,43.792772059515116,0.46897125244140625,1420,30.28458023071289,0.809578537940979,0.2,0.0003,0.0724609375,-0.0030973694985732434,-1.3085313051939012
144,627,119.22038469,587.14,470,294912,0.0073464336,85.93493152558804,0.4656340479850769,1430,78.08674621582031,0.6232715249061584,0.2,0.0003,0.09755859375,-0.00501534286304377,-1.2940866366028785
145,627,117.79921994,599.02,473,296960,0.010291392,40.62181769907475,0.4618399441242218,1440,3.794661283493042,0.8061775118112564,0.2,0.0003,0.0609375,-0.0013469289457134436,-1.2788047537207603
146,627,122.59111058,614.9,476,299008,0.0062589203,1.094936882238835,0.46476054191589355,1450,0.32041963934898376,0.9926148089580238,0.2,0.0003,0.161572265625,0.0025552158884238453,-1.2789609044790269
147,627,120.80156956,601.21,480,301056,0.00686424,69.68416109979152,0.4616873264312744,1460,24.266435623168945,0.7879337966442108,0.2,0.0003,0.074755859375,0.001559389843896497,-1.275420755147934
148,627,118.96593337,593.24,483,303104,0.0047869445,201.96546063423156,0.46145936846733093,1470,73.55450439453125,0.6490728855133057,0.2,0.0003,0.0205078125,-0.002420021826401353,-1.2662017866969109
149,627,120.51688326000001,589.23,486,305152,0.009028516,69.54813345521688,0.4598560929298401,1480,21.26060676574707,0.7837507128715515,0.2,0.0003,0.058349609375,-0.006799655244685709,-1.2612306654453278
150,627,121.2909034,571.37,489,307200,0.008514885,52.092884191125634,0.4520346224308014,1490,32.07615280151367,0.828798919916153,0.2,0.0003,0.083154296875,-0.002825557366304565,-1.2396434545516968
151,626,122.96365776,562.69,493,309248,0.0050153993,222.13461464047433,0.4504920542240143,1500,187.05433654785156,0.5841869413852692,0.2,0.0003,0.057080078125,-0.003871270157105755,-1.2178754400461913
152,626,120.26261398000003,561.92,496,311296,0.009466961,150.39644152969123,0.44811347126960754,1510,84.85672760009766,0.7159369587898254,0.2,0.0003,0.098193359375,-0.006532579704071395,-1.2083377681672574
153,626,125.92565301,567.68,499,313344,0.0077621406,74.93459747247398,0.4482049345970154,1520,25.171720504760742,0.7299317121505737,0.2,0.0003,0.0744140625,-0.003171259434748208,-1.199989952147007
154,626,125.27784608,571.92,503,315392,0.010073335,63.54299534410238,0.4476936459541321,1530,3.9194157123565674,0.6941549479961395,0.2,0.0003,0.100830078125,-0.00032525830902159215,-1.200621796771884
155,626,124.20084024000002,571.23,506,317440,0.010232501,84.08444728925824,0.4454250931739807,1540,62.86824417114258,0.7394450604915619,0.2,0.0003,0.13076171875,-0.0031299717782530935,-1.197948445007205
156,626,123.75677091,574.18,509,319488,0.012420283,57.371482643485066,0.4457903206348419,1550,5.51602029800415,0.875103309750557,0.2,0.0003,0.12470703125,-0.002278347250830848,-1.1928822588175536
157,626,128.41177069,577.86,512,321536,0.012133965,81.3789499603212,0.4441114068031311,1560,81.30367279052734,0.7765257507562637,0.2,0.0003,0.088818359375,-0.002436504646175308,-1.1918930605053901
158,626,130.32864223,571.9,516,323584,0.0042743604,139.88604919314383,0.4460642635822296,1570,13.625449180603027,0.8039537221193314,0.2,0.0003,0.070068359375,-0.0018185079738032074,-1.1907754726707935
159,627,133.76053481,570.65,519,325632,0.012262929,23.399618863686918,0.4494028687477112,1580,7.668928146362305,0.8309678137302399,0.2,0.0003,0.1259765625,-0.00083593870367622,-1.2070028655231
160,627,136.10231230000002,575.86,522,327680,0.013568601,52.640070139616725,0.4445302486419678,1590,4.3057708740234375,0.7572864443063736,0.2,0.0003,0.102294921875,-0.0002537639156798832,-1.1972241092473268
161,627,142.71169143999998,572.35,525,329728,0.007113098,43.47949736826122,0.43855202198028564,1600,9.814906120300293,0.7822958678007126,0.2,0.0003,0.087548828125,0.0025894953854731285,-1.164775750413537
162,627,143.20549008,569.39,529,331776,0.006496636,81.58098388910294,0.4361185133457184,1610,52.32123565673828,0.7640035152435303,0.2,0.0003,0.052001953125,2.159352006856352e-05,-1.1444365046918392
163,626,137.42374137000002,557.78,532,333824,0.005898198,135.22659738510848,0.43652617931365967,1620,65.91014099121094,0.7453134059906006,0.2,0.0003,0.057470703125,0.00039921651259646753,-1.1404328610748053
164,626,137.76469246,557.9,535,335872,0.007925103,119.15938052460551,0.4360206723213196,1630,14.98018741607666,0.7969409227371216,0.2,0.0003,0.10361328125,-0.0036086001309740823,-1.140423310548067
165,626,133.06270469,546.91,538,337920,0.007332096,133.5900618493557,0.4338603615760803,1640,27.245838165283203,0.7825106829404831,0.2,0.0003,0.070751953125,-0.0023653695643588435,-1.132922601699829
166,626,133.9046111,532.34,542,339968,0.0075997715,96.88274426460266,0.43507087230682373,1650,12.162246704101562,0.8808463960886002,0.2,0.0003,0.09091796875,-0.0029292838677065446,-1.1301124598830938
167,626,133.55093842,511.0,545,342016,0.0068482608,192.51964856982232,0.4329644441604614,1660,59.47116470336914,0.6587024927139282,0.2,0.0003,0.078955078125,-0.003754006543022115,-1.1287513561546803
168,626,133.10440916,513.31,548,344064,0.009404066,60.40337246656418,0.42908555269241333,1670,28.85080909729004,0.8220732808113098,0.2,0.0003,0.07470703125,-0.0006542442268255399,-1.108476895838976
169,626,129.19523066000002,506.0,552,346112,0.008058428,101.09632264375686,0.4292694926261902,1680,43.1772346496582,0.6913040578365326,0.2,0.0003,0.06796875,-0.0015011621660960372,-1.090969355404377
170,627,123.72423126,487.92,555,348160,0.011776521,70.44084799587726,0.42154356837272644,1690,4.876475811004639,0.7137974500656128,0.2,0.0003,0.111083984375,-0.0062912834764574654,-1.073509319871664
171,627,125.62055069999998,492.92,558,350208,0.0082213115,55.44830682426691,0.4154894948005676,1700,13.044300079345703,0.887652188539505,0.2,0.0003,0.085888671875,-0.0010545306198764593,-1.0391958318650723
172,627,132.86793726,493.92,561,352256,0.0064485865,47.322832743823525,0.4114612340927124,1710,38.029510498046875,0.8984354510903358,0.2,0.0003,0.0810546875,0.0005782754000392742,-1.0145996753126383
173,627,133.66938760999997,481.16,565,354304,0.005758222,79.76577513813973,0.40686947107315063,1720,40.208457946777344,0.7885558009147644,0.2,0.0003,0.0728515625,-0.0023325293564994353,-0.9970545640215278
174,627,140.02820354000002,487.64,568,356352,0.009228164,126.44700984358788,0.4036502242088318,1730,40.78755187988281,0.7222489714622498,0.2,0.0003,0.072021484375,-0.0007140382665966171,-0.9775503821671009
175,627,141.05043991,476.48,571,358400,0.020866523,125.13662136495114,0.40307682752609253,1740,65.84425354003906,0.6872241497039795,0.2,0.0003,0.107421875,-0.005259835666220169,-0.9636752074584365
176,627,143.54438495,477.86,574,360448,0.0066734655,27.340079059451817,0.4005676507949829,1750,8.649628639221191,0.8755513578653336,0.2,0.0003,0.12939453125,-0.0009257464218535461,-0.9521557753905654
177,627,145.78127308999998,456.71,578,362496,0.0074170367,48.57582205459475,0.3969217538833618,1760,5.6879496574401855,0.783158615231514,0.2,0.0003,0.1099609375,0.00014847947968519293,-0.9343914391472936
178,627,146.75308110000003,446.11,581,364544,0.005536465,171.95892524719238,0.39593738317489624,1770,60.152992248535156,0.7125661075115204,0.2,0.0003,0.065869140625,-0.0033872221552883274,-0.9222553886473179
179,627,142.73669304,430.27,584,366592,0.008218162,196.92499767541887,0.3969922661781311,1780,35.36215591430664,0.677947610616684,0.2,0.0003,0.0896484375,-0.005333778625208651,-0.920308761484921
180,627,138.96720129,425.64,587,368640,0.011004951,100.06481278538703,0.4036545753479004,1790,57.092655181884766,0.828603133559227,0.2,0.0003,0.08193359375,-0.0030500825654598885,-0.9355096153914928
181,627,139.12760277,420.67,591,370688,0.009366963,89.99289920479059,0.40685659646987915,1800,56.47972869873047,0.7759903520345688,0.2,0.0003,0.10576171875,-0.0017999134914134629,-0.9608508901670575
182,627,133.98859257,426.04,594,372736,0.007671993,35.359738637506965,0.40379273891448975,1810,7.371381759643555,0.8970515877008438,0.2,0.0003,0.117919921875,-0.00011398979258956388,-0.9619784574955702
183,627,135.37159436,429.72,597,374784,0.011446919,48.77215674649924,0.4051225781440735,1820,37.94438934326172,0.8473842889070511,0.2,0.0003,0.151416015625,0.0015492070109758061,-0.9606910681352019
184,627,135.84023771,425.66,600,376832,0.008800112,104.9902367040515,0.40683215856552124,1830,24.808786392211914,0.7135087549686432,0.2,0.0003,0.074462890625,-0.002491101623309078,-0.9653214633464813
185,627,140.00883149,428.37,604,378880,0.009702278,177.94491338729858,0.402925968170166,1840,78.5749282836914,0.7256006300449371,0.2,0.0003,0.087890625,-0.005841338046593592,-0.9581956021487713
186,627,141.70869444000002,421.0,607,380928,0.01657084,57.09728965610266,0.40306979417800903,1850,37.589900970458984,0.6590237021446228,0.2,0.0003,0.123193359375,-0.002890255484089721,-0.9471141185611487
187,627,140.4839482,423.03,610,382976,0.009702258,137.94527073502542,0.40337926149368286,1860,52.10078430175781,0.7648820579051971,0.2,0.0003,0.09375,-0.0016492860078869854,-0.9393013145774602
188,627,141.42112296000002,414.28,613,385024,0.007628116,87.63764242231846,0.3982192873954773,1870,23.338354110717773,0.8587035238742828,0.2,0.0003,0.094921875,-0.0005318827898008749,-0.9312308732420206
189,627,140.54224524,401.01,617,387072,0.00886042,109.6816976249218,0.39735016226768494,1880,38.64857482910156,0.7995079606771469,0.2,0.0003,0.069873046875,-0.0013248900388134644,-0.915189853683114
190,627,141.13025293,406.75,620,389120,0.006328821,153.75594828426838,0.39005184173583984,1890,22.086286544799805,0.7907914966344833,0.2,0.0003,0.076318359375,-0.0023752431421598884,-0.8906435905024409
191,627,140.23568102000002,398.3,623,391168,0.0169423,71.81664813905954,0.3901464343070984,1900,15.903135299682617,0.839045450091362,0.2,0.0003,0.122021484375,-0.002987436732655624,-0.8703048221766949
192,627,135.13742044,406.54,626,393216,0.0085457,91.67390012741089,0.3851422965526581,1910,34.748069763183594,0.7116052806377411,0.2,0.0003,0.075146484375,-0.0011733602841559332,-0.8560642687603831
193,627,136.32262539,402.87,630,395264,0.013277243,85.30546238720417,0.3879246115684509,1920,22.082502365112305,0.8528129607439041,0.2,0.0003,0.09501953125,-0.00024114103835017885,-0.8544324636459351
194,627,130.28715126999998,408.97,633,397312,0.009278135,63.386280712485316,0.3820905089378357,1930,25.37965202331543,0.8602639585733414,0.2,0.0003,0.109716796875,-0.0009560574253555387,-0.8489597162231803
195,627,126.47696676000001,401.75,636,399360,0.011408566,116.05363727211952,0.382081001996994,1940,27.575387954711914,0.8161780685186386,0.2,0.0003,0.143115234375,-0.0011103526245278771,-0.8323115173727273
196,627,127.70320267000002,407.36,640,401408,0.0073343,102.97629398405552,0.3792684078216553,1950,33.08588790893555,0.6739826202392578,0.2,0.0003,0.098974609375,-0.0016656978550599888,-0.8267824059352279
197,627,124.31513152000001,413.23,643,403456,0.015342149,49.72603362202644,0.37120816111564636,1960,14.560483932495117,0.781568169593811,0.2,0.0003,0.13134765625,0.0025227648075087927,-0.7993417056277394
198,627,124.12986411000001,422.41,646,405504,0.015004136,43.87749436236918,0.36587387323379517,1970,2.615042209625244,0.9165955036878586,0.2,0.0003,0.118310546875,0.0015509043711062986,-0.7625539587810636
199,627,123.95420934000002,424.38,649,407552,0.0094145285,124.13372322618962,0.3634442687034607,1980,49.579551696777344,0.8013752549886703,0.2,0.0003,0.095849609375,-0.0028515909521956927,-0.7394629944115877
200,627,124.88645905,431.84,653,409600,0.007712471,79.7814057469368,0.3609933853149414,1990,15.540096282958984,0.8249164074659348,0.2,0.0003,0.071533203125,-0.0015873619478952606,-0.7290424611419439
201,627,120.53842581,423.16,656,411648,0.01499451,35.46345782354474,0.3571719527244568,2000,21.82829475402832,0.8943390473723412,0.2,0.0003,0.14501953125,0.0029394729368505067,-0.7122185679152608
202,627,126.06034261,405.46,659,413696,0.008110844,110.90315340161324,0.35547417402267456,2010,13.905196189880371,0.8279750794172287,0.2,0.0003,0.049658203125,-0.0030622787628090007,-0.6932384615764022
203,627,126.30409883,406.89,662,415744,0.008784552,51.35578873753548,0.35144031047821045,2020,14.416122436523438,0.9074695557355881,0.2,0.0003,0.128662109375,-0.00017423834069631993,-0.6800458597019314
204,627,122.87744546999998,404.9,666,417792,0.011049607,69.68086454868316,0.3538750410079956,2030,8.358500480651855,0.8265015780925751,0.2,0.0003,0.115576171875,-0.0005893240007935674,-0.6757660696282983
205,627,128.56460989,401.2,669,419840,0.009066564,144.75411225259305,0.3571189045906067,2040,42.24488830566406,0.8100520521402359,0.2,0.0003,0.069482421875,-0.006975789745047223,-0.6933788351714611
206,627,128.01463892,407.1,672,421888,0.009483719,103.75401099920273,0.3579494059085846,2050,26.048851013183594,0.7568025887012482,0.2,0.0003,0.0955078125,-0.0016114449666929432,-0.7037330511957407
207,627,128.80314458,412.09,675,423936,0.011006531,27.961511404812335,0.35277119278907776,2060,13.4253511428833,0.8045096546411514,0.2,0.0003,0.12529296875,0.0026008409724454394,-0.6898067032918334
208,627,120.51553643000003,408.81,679,425984,0.010218101,36.5112918049097,0.3522099554538727,2070,21.53573226928711,0.8797672986984253,0.2,0.0003,0.11220703125,-0.0007718189051956869,-0.6675150750204921
209,627,117.5150108,422.47,682,428032,0.009839479,80.50520628243684,0.3577137589454651,2080,51.256103515625,0.8929872810840607,0.2,0.0003,0.099609375,-0.003232864346500719,-0.6759214667603374
210,627,120.07269038,423.42,685,430080,0.008288551,33.470770351588726,0.35835981369018555,2090,12.123826026916504,0.946191567927599,0.2,0.0003,0.1130859375,0.0006685412197839468,-0.6965841338038444
211,627,126.59372504,417.32,689,432128,0.011867952,74.33761034160852,0.3553212881088257,2100,43.54702377319336,0.776079997420311,0.2,0.0003,0.137451171875,-0.0026822886458830906,-0.6895912772044539
212,627,124.36557607000003,411.91,692,434176,0.008815767,62.02774187326431,0.3523067533969879,2110,12.096908569335938,0.7914753705263138,0.2,0.0003,0.099072265625,-0.0013418832553725225,-0.6753155916929245
213,627,123.49440971,408.93,695,436224,0.004412385,125.18070119917392,0.35240429639816284,2120,38.765586853027344,0.8420956432819366,0.2,0.0003,0.0572265625,-0.0011632287656539119,-0.6696210509166122
214,627,131.0032763,409.91,698,438272,0.009625103,55.38845866918564,0.3515024185180664,2130,42.86698532104492,0.9076615422964096,0.2,0.0003,0.108251953125,-0.0016604821576038375,-0.666385630890727
215,627,130.2073705,400.08,702,440320,0.0070705377,40.31532716453076,0.34862470626831055,2140,7.960048198699951,0.749405026435852,0.2,0.0003,0.139013671875,0.0008161256002495066,-0.6564427006989717
216,627,130.97059889,386.18,705,442368,0.010145536,143.5326992571354,0.34885814785957336,2150,66.39124298095703,0.7056634724140167,0.2,0.0003,0.119970703125,-0.005038709803193342,-0.6474376637488604
217,627,136.36552139000003,380.35,708,444416,0.019901332,33.002843169867994,0.34414514899253845,2160,9.578042030334473,0.9414102174341679,0.2,0.0003,0.16181640625,0.0015814387355931104,-0.6305703334510326
218,627,135.33996014000002,391.34,711,446464,0.0089169815,64.49488861560822,0.343894898891449,2170,23.421154022216797,0.8764721378684044,0.2,0.0003,0.10283203125,-0.0025896351304254494,-0.6211266783997417
219,627,135.22225028,384.38,715,448512,0.019128598,25.126700372248887,0.3487929105758667,2180,3.3988213539123535,0.8907948881387711,0.2,0.0003,0.1548828125,-0.0016292654428980314,-0.6362273348495364
220,627,135.61356403000002,385.65,718,450560,0.008178929,123.73038430511951,0.34817561507225037,2190,24.19861602783203,0.729155957698822,0.2,0.0003,0.093505859375,-0.001094546529930085,-0.6525685399770736
221,627,136.29385452,387.38,721,452608,0.008498753,60.66891657114029,0.3476138710975647,2200,34.406822204589844,0.8428918421268463,0.2,0.0003,0.061572265625,0.003404040150780929,-0.6485682126134634
222,627,137.8631897,382.25,724,454656,0.007914593,57.94147263169289,0.34707117080688477,2210,15.456964492797852,0.8818112015724182,0.2,0.0003,0.088818359375,-0.002039023001270834,-0.6463260104879737
223,627,141.98363743000002,388.05,727,456704,0.010619967,209.85321294665337,0.34683680534362793,2220,36.553165435791016,0.34007900953292847,0.2,0.0003,0.07265625,-0.00478923422342632,-0.64060501139611
224,627,140.05008045,392.7,731,458752,0.0068819458,39.58602164387703,0.3455013930797577,2230,11.897549629211426,0.8372218757867813,0.2,0.0003,0.13076171875,0.0007115306972991676,-0.6361702715978026
225,627,134.78980229,389.59,734,460800,0.008125582,126.4632340490818,0.342780739068985,2240,49.14079284667969,0.7239839732646942,0.2,0.0003,0.075,-0.0004057174890476745,-0.6292981918901205
226,627,138.91882582000002,378.96,737,462848,0.0056091063,151.63193867206573,0.34148985147476196,2250,140.90924072265625,0.7008982300758362,0.2,0.0003,0.067138671875,-0.001857571135769831,-0.6175743324682117
227,627,141.97686229,360.78,740,464896,0.010108718,60.29626829326153,0.3386367857456207,2260,16.466711044311523,0.9191073626279831,0.2,0.0003,0.121044921875,-0.0018246589686896186,-0.6037333471700549
228,627,141.66853747,360.23,744,466944,0.011341565,78.68850871175528,0.33520200848579407,2270,11.65780258178711,0.9123034626245499,0.2,0.0003,0.134912109375,-0.0006219575465365778,-0.584506599418819
229,627,140.13614897000002,357.52,747,468992,0.008217345,127.89870859980583,0.33662402629852295,2280,73.17182159423828,0.7996805310249329,0.2,0.0003,0.090478515625,-0.00012694368269876576,-0.5750017972663045
230,627,148.99333557,357.41,750,471040,0.010068926,117.98123953342437,0.33641213178634644,2290,53.17835998535156,0.8151939362287521,0.2,0.0003,0.09482421875,-0.0012988265247258824,-0.5829589599743485
231,627,149.25107401999998,367.38,754,473088,0.010569312,44.97220029681921,0.33458930253982544,2300,8.989114761352539,0.8502396643161774,0.2,0.0003,0.12841796875,-0.0009936426082276738,-0.5762970650568604
232,627,147.17746665,369.09,757,475136,0.011188617,53.28782482892275,0.3316482901573181,2310,37.800838470458984,0.7457651793956757,0.2,0.0003,0.14765625,-0.0013006512977881356,-0.5698138924315572
233,627,149.34321735,370.65,760,477184,0.007427769,106.48008915781975,0.33295056223869324,2320,22.938980102539062,0.716085284948349,0.2,0.0003,0.089306640625,0.00036960244760848583,-0.5585854625329375
234,627,152.7220683,370.23,763,479232,0.0077789333,144.0007650256157,0.3278024196624756,2330,42.85517883300781,0.7102760672569275,0.2,0.0003,0.11396484375,-0.0012893201725091784,-0.5497866157442332
235,627,154.49956567,376.87,767,481280,0.008573076,37.299199640750885,0.32393762469291687,2340,5.411261081695557,0.8306908011436462,0.2,0.0003,0.118994140625,-0.00266878778784303,-0.5187771202996373
236,627,155.45026822,367.72,770,483328,0.009277937,61.053489942848685,0.3216390013694763,2350,52.44544219970703,0.7824072241783142,0.2,0.0003,0.126318359375,-0.0011899929377250373,-0.5014683533459902
237,627,161.1347156,369.28,773,485376,0.005151179,134.81601486206054,0.3204427659511566,2360,61.37575912475586,0.7358161807060242,0.2,0.0003,0.09326171875,0.0017138366209110245,-0.4910323113203049
238,627,157.12241448999998,365.48,777,487424,0.010567943,32.29447060227394,0.3210054636001587,2370,5.5498785972595215,0.8154957294464111,0.2,0.0003,0.12265625,0.0015376985313196201,-0.4886067808605731
239,627,159.82269095,369.44,780,489472,0.01164026,112.72616036534309,0.3189008831977844,2380,27.60804557800293,0.843895822763443,0.2,0.0003,0.087841796875,0.0012573058636917267,-0.48487847447395327
240,627,158.90027040000004,372.8,783,491520,0.00910256,85.59856663644314,0.31501707434654236,2390,38.855567932128906,0.8285854607820511,0.2,0.0003,0.1130859375,0.0029745839885435997,-0.46280547268688677
241,627,160.46555473,368.95,786,493568,0.017659806,43.11560786813497,0.3186819851398468,2400,21.700536727905273,0.9199585020542145,0.2,0.0003,0.14970703125,-0.0028180376677482853,-0.4604990699328482
242,627,160.40763180000002,378.65,790,495616,0.014704853,53.96554942429066,0.31521302461624146,2410,6.184486389160156,0.8452926427125931,0.2,0.0003,0.141943359375,0.0024838745259330606,-0.45772776044905183
243,627,160.11891462000003,376.83,793,497664,0.01297543,29.327190551161767,0.3102204203605652,2420,18.151365280151367,0.8892142251133919,0.2,0.0003,0.160595703125,0.001144431768625509,-0.43435483518987894
244,627,160.50422171999998,375.78,796,499712,0.011474882,99.6903829395771,0.31078052520751953,2430,24.01450538635254,0.8715362399816513,0.2,0.0003,0.09609375,-0.0033708677990944126,-0.42833791170269253
245,627,162.23029530000002,377.91,799,501760,0.005304446,151.11828489899636,0.3122507333755493,2440,26.07459259033203,0.719045877456665,0.2,0.0003,0.04423828125,0.001470420654368354,-0.43768304465338587
246,627,165.52865224,387.57,803,503808,0.0093828915,96.268368268013,0.31299763917922974,2450,6.181035995483398,0.8116883188486099,0.2,0.0003,0.1009765625,0.0016448583592136856,-0.44372807824984195
247,627,166.17810101999999,393.07,806,505856,0.010612734,20.090341079235078,0.3095861077308655,2460,15.096373558044434,0.9743229914456606,0.2,0.0003,0.148974609375,9.865190731943585e-05,-0.4378572636283934
248,627,156.30097665,396.56,809,507904,0.0075574084,186.41979971528053,0.30856847763061523,2470,74.73710632324219,0.6006302535533905,0.2,0.0003,0.07734375,-0.005212712673528586,-0.4250237414613366
249,627,151.84915801,392.78,812,509952,0.012752505,116.37411019802093,0.30980169773101807,2480,50.94232940673828,0.8195007294416428,0.2,0.0003,0.123779296875,-0.0025941184510884343,-0.42414852883666754
250,627,149.37131583,381.39,816,512000,0.008567585,121.63667134642601,0.30965152382850647,2490,14.971587181091309,0.8438772857189178,0.2,0.0003,0.099560546875,-0.0036471217003054336,-0.4311362084932625
251,627,148.42072573,388.82,819,514048,0.016773302,93.52649737298489,0.30598142743110657,2500,61.765560150146484,0.7524652630090714,0.2,0.0003,0.12939453125,0.0034851404139772057,-0.41851104320958255
252,627,151.86747068000003,396.18,822,516096,0.010241454,94.35771435797214,0.3048626184463501,2510,18.275054931640625,0.6233687698841095,0.2,0.0003,0.1083984375,0.0005461746150103863,-0.4006649494171143
253,627,146.20152147000002,386.23,825,518144,0.008763596,32.077282559871676,0.3013855218887329,2520,14.685651779174805,0.8754571676254272,0.2,0.0003,0.08828125,0.000824040149745997,-0.38662370713427663
254,627,138.81539458,387.28,829,520192,0.010456918,166.26318846940995,0.30033326148986816,2530,46.1255989074707,0.8257609009742737,0.2,0.0003,0.078955078125,-0.00324675810552435,-0.36780701400712135
255,627,132.53114683,383.55,832,522240,0.01010716,101.61921357512475,0.29899656772613525,2540,39.35340881347656,0.8279843330383301,0.2,0.0003,0.107421875,-0.0018288599581865127,-0.3576798506081104
256,627,126.78510018000001,392.55,835,524288,0.008847525,104.07357155680657,0.298467755317688,2550,49.60578155517578,0.878808856010437,0.2,0.0003,0.124560546875,-8.827275014482439e-05,-0.3531999518163502
257,627,123.72129329,394.35,839,526336,0.01087523,35.13325907737017,0.29654568433761597,2560,12.104560852050781,0.9475995898246765,0.2,0.0003,0.115478515625,-0.0019422470773861277,-0.34685665778815744
258,627,126.65471525999999,404.2,842,528384,0.008892724,82.5424634873867,0.29339176416397095,2570,43.350807189941406,0.881234809756279,0.2,0.0003,0.098583984375,-0.0009479030064539984,-0.3292699456214905
259,627,123.60434052000001,408.27,845,530432,0.011231191,53.311180755496025,0.29333120584487915,2580,23.659194946289062,0.7416290044784546,0.2,0.0003,0.136181640625,0.0017724990510032512,-0.31775461276993155
260,627,125.59335333000001,407.93,848,532480,0.0099877305,65.6138810314238,0.2920762896537781,2590,4.857617378234863,0.7840302586555481,0.2,0.0003,0.114404296875,-0.00288721337201423,-0.3123481322079897
261,627,122.33526548,395.32,852,534528,0.008994273,61.55349889993668,0.2902751863002777,2600,13.579977035522461,0.8239584863185883,0.2,0.0003,0.104736328125,0.003103085411567008,-0.3031527160666883
262,627,120.55702724999999,404.19,855,536576,0.009044912,186.6707420259714,0.2900572717189789,2610,95.8262710571289,0.7750779837369919,0.2,0.0003,0.08583984375,-0.0034669696076889524,-0.29432620853185654
263,627,122.88829048999997,405.66,858,538624,0.019034382,25.38466077335179,0.28326892852783203,2620,0.4745224714279175,0.8475651890039444,0.2,0.0003,0.17587890625,0.005210498461383395,-0.2645471438765526
264,627,123.97942245,413.59,861,540672,0.0064038257,31.43194837272167,0.2837117910385132,2630,10.177919387817383,0.8090648353099823,0.2,0.0003,0.083349609375,-0.0004914305187412538,-0.2416723720729351
265,627,117.69383198,408.57,865,542720,0.006095043,135.63692358732223,0.28415927290916443,2640,53.484256744384766,0.6795511245727539,0.2,0.0003,0.072119140625,-0.00115621126278711,-0.24159810841083526
266,627,115.69665809999998,397.9,868,544768,0.00813427,216.30307189822196,0.28397247195243835,2650,55.12350082397461,0.7089251279830933,0.2,0.0003,0.0759765625,-0.005606902731233277,-0.24169650562107564
267,627,123.73530765,389.75,871,546816,0.012379257,77.5691545009613,0.2816082239151001,2660,24.884328842163086,0.9058724418282509,0.2,0.0003,0.096630859375,0.00018343114643357695,-0.23402128517627716
268,627,125.61043676000001,392.69,874,548864,0.008246302,141.70726365447044,0.2824556529521942,2670,90.2297134399414,0.8648635745048523,0.2,0.0003,0.067431640625,-0.003624085141927935,-0.2269013397395611
269,627,121.33761885999998,392.59,878,550912,0.007946077,57.855120952427384,0.2835709750652313,2680,14.206531524658203,0.9140514507889748,0.2,0.0003,0.113427734375,0.00010340095032006502,-0.23514883257448674
270,627,121.53170219000002,388.81,881,552960,0.011202956,81.01278440952301,0.28117623925209045,2690,83.21161651611328,0.8877231553196907,0.2,0.0003,0.08232421875,-0.0011102303964435124,-0.23096557930111886
271,627,120.21378948,379.03,884,555008,0.013803206,160.4488283008337,0.27848735451698303,2700,65.91572570800781,0.6402433216571808,0.2,0.0003,0.09482421875,0.0005307294060912682,-0.20886502638459206
272,627,120.67739267,381.04,887,557056,0.011346372,135.70558684170246,0.2800828814506531,2710,6.516688823699951,0.8520192503929138,0.2,0.0003,0.104443359375,-0.005646159520983929,-0.20458482913672923
273,627,122.94717474,394.52,891,559104,0.01543933,91.03909586369991,0.2797151803970337,2720,31.89997673034668,0.6510069966316223,0.2,0.0003,0.1314453125,5.909508690820076e-05,-0.21336632445454598
274,627,122.96782344000002,388.79,894,561152,0.016616475,16.840724409371614,0.27892813086509705,2730,1.3721320629119873,0.9146592915058136,0.2,0.0003,0.17724609375,0.009539095015497878,-0.21138670556247235
275,627,120.05134923,383.33,897,563200,0.019135904,138.71926592588426,0.27689632773399353,2740,71.76191711425781,0.8479730635881424,0.2,0.0003,0.12607421875,-0.0025533492080285214,-0.20977217070758342
276,627,121.49084685,387.21,901,565248,0.007538327,146.30520118176938,0.2739930748939514,2750,45.513427734375,0.7298291027545929,0.2,0.0003,0.058251953125,-0.0033484602376120166,-0.19454647228121758
277,627,118.58452578,378.55,904,567296,0.00937796,117.7716422200203,0.2762375473976135,2760,33.683780670166016,0.7902864813804626,0.2,0.0003,0.092138671875,-0.0013203841001086403,-0.19024073332548141
278,627,109.94293042,373.71,907,569344,0.013026393,26.261017936468125,0.2695172131061554,2770,16.963581085205078,0.9589545167982578,0.2,0.0003,0.1619140625,-0.0040719120530411605,-0.18002304956316947
279,627,106.81693238000001,380.58,910,571392,0.008652096,218.1172045350075,0.2696549892425537,2780,85.22280883789062,0.8000772595405579,0.2,0.0003,0.081787109375,-0.008874958359228913,-0.15538093969225883
280,627,108.003647,386.57,914,573440,0.017527774,96.11912324279547,0.2686471939086914,2790,3.86438250541687,0.8196382224559784,0.2,0.0003,0.191552734375,0.00475713638952584,-0.1557531174272299
281,627,108.87049392,379.07,917,575488,0.013754932,85.21077864766121,0.2652852237224579,2800,33.45718765258789,0.891359493136406,0.2,0.0003,0.09853515625,0.0023203421656944555,-0.14247933998703957
282,627,108.99869574000002,378.71,920,577536,0.018505456,68.6777281165123,0.26805150508880615,2810,13.978151321411133,0.8325266689062119,0.2,0.0003,0.152197265625,-0.00013975326437503098,-0.1388632919639349
283,627,110.0087891,384.75,923,579584,0.016740307,49.432822845131156,0.26988595724105835,2820,5.727299690246582,0.9096652716398239,0.2,0.0003,0.1615234375,-0.002892810972116422,-0.15017025955021382
284,627,110.97320405999999,386.93,927,581632,0.007597745,49.366514436900616,0.27164551615715027,2830,22.29962921142578,0.9566676802933216,0.2,0.0003,0.08935546875,0.0022871974688314367,-0.16810224242508412
285,627,116.93864973999999,388.15,930,583680,0.008903188,117.6167169868946,0.27172523736953735,2840,72.38746643066406,0.7957893311977386,0.2,0.0003,0.100048828125,-7.72667262936011e-05,-0.17632158957421779
286,627,112.89279180000001,400.19,933,585728,0.014385931,34.649737840890886,0.2711823582649231,2850,39.6690788269043,0.954057864844799,0.2,0.0003,0.13505859375,-0.004192954060272314,-0.17394037283957003
287,627,120.34176192999998,404.62,936,587776,0.010544624,27.310790626704694,0.2682042419910431,2860,4.7953596115112305,0.9649293795228004,0.2,0.0003,0.139697265625,-0.000905199309636373,-0.15935909189283848
288,627,120.88444035,404.77,940,589824,0.00862153,53.50727033615112,0.2692365348339081,2870,31.95810890197754,0.5468394458293915,0.2,0.0003,0.113916015625,0.0050109450472518805,-0.15870441682636738
289,627,130.45634802,393.95,943,591872,0.009209296,120.1422709107399,0.2690938711166382,2880,72.17598724365234,0.7713319212198257,0.2,0.0003,0.109228515625,-0.006452089668164263,-0.16474085077643394
290,627,133.57817898,403.27,946,593920,0.009154148,38.4566498324275,0.2690463662147522,2890,3.3350231647491455,0.9214028045535088,0.2,0.0003,0.1078125,0.00182306108326884,-0.1632605016231537
291,627,131.56499302,418.99,950,595968,0.012869626,52.56552610695362,0.269925981760025,2900,20.445741653442383,0.8414111882448196,0.2,0.0003,0.126708984375,-1.2215747847221792e-05,-0.1705505561083555
292,627,128.38898598000003,425.73,953,598016,0.011423787,11.53383085168898,0.27336302399635315,2910,1.7273427248001099,0.9514413513243198,0.2,0.0003,0.11240234375,0.0024400682377745397,-0.18533893637359142
293,627,133.44295844999996,418.57,956,600064,0.0077379085,55.06270419023931,0.2727183997631073,2920,110.82921600341797,0.7960131913423538,0.2,0.0003,0.098486328125,0.001643285764293978,-0.19690571427345277
294,627,133.677869,421.18,959,602112,0.0072104037,100.82572207301855,0.27371159195899963,2930,31.892091751098633,0.889442652463913,0.2,0.0003,0.071826171875,-0.001491670466202777,-0.19796617664396762
295,627,141.56513877999998,420.35,963,604160,0.0073846644,115.47291471064091,0.2742004096508026,2940,237.44412231445312,0.8406761139631271,0.2,0.0003,0.093115234375,-0.004195931847061729,-0.20529694184660913
296,627,142.41509108,423.92,966,606208,0.0073823854,113.38797942847013,0.27291977405548096,2950,16.58479881286621,0.7594640851020813,0.2,0.0003,0.0810546875,-0.0024996526022732723,-0.20047483295202256
297,627,140.92479818,424.96,969,608256,0.01559248,55.8921409919858,0.27306458353996277,2960,17.067066192626953,0.8972839415073395,0.2,0.0003,0.163818359375,-0.002469960358575918,-0.19861718267202377
298,627,140.2195964,430.16,972,610304,0.010124853,58.122326073795556,0.27032172679901123,2970,33.51797103881836,0.9042712897062302,0.2,0.0003,0.104296875,0.002421304118615808,-0.1875602535903454
299,627,145.86938155,423.58,976,612352,0.0074769766,157.02595997601748,0.26717647910118103,2980,22.06658172607422,0.7208325564861298,0.2,0.0003,0.09072265625,-0.00039112131562433203,-0.16904796324670315
300,627,147.86236391999998,418.87,979,614400,0.012417482,120.66151671111584,0.2685772776603699,2990,19.422069549560547,0.8485982269048691,0.2,0.0003,0.111767578125,-0.004533890026505105,-0.15898863226175308
301,627,151.95642375999998,421.14,982,616448,0.014265412,57.14163281023502,0.2663882374763489,3000,19.69223403930664,0.8776671811938286,0.2,0.0003,0.090576171875,-0.001667017483850941,-0.15236898139119148
302,627,147.62563304,419.49,985,618496,0.013523347,47.661027854681016,0.2667180001735687,3010,4.943517684936523,0.8868358880281448,0.2,0.0003,0.115625,0.002590572217559384,-0.14608757235109807
303,627,149.68904597,420.54,988,620544,0.013083307,74.79243857860565,0.2662850320339203,3020,16.452707290649414,0.9236940965056419,0.2,0.0003,0.128076171875,0.0025859447232505772,-0.1460529837757349
304,627,148.21295178999998,420.67,992,622592,0.013747,34.87355278134346,0.265664666891098,3030,22.817340850830078,0.9661142639815807,0.2,0.0003,0.132470703125,-0.0007352630913374014,-0.14162177890539168
305,627,144.52174809,424.64,995,624640,0.007324103,229.5157139182091,0.2638331949710846,3040,124.40011596679688,0.7603372186422348,0.2,0.0003,0.096728515625,-0.003240610039210878,-0.1349006798118353
306,627,139.03538640999997,436.99,998,626688,0.013136201,78.3554746106267,0.2643646001815796,3050,29.894664764404297,0.8589185923337936,0.2,0.0003,0.126513671875,0.0005404701827501412,-0.12554692551493646
307,627,143.20949842,420.46,1001,628736,0.014403222,44.6840026024729,0.2667807936668396,3060,1.557641863822937,0.8312800526618958,0.2,0.0003,0.171923828125,0.002461379871238023,-0.14386075027287007
308,627,141.95941566,426.45,1005,630784,0.009450608,96.69370477795601,0.2679201662540436,3070,44.49617385864258,0.8173590898513794,0.2,0.0003,0.095068359375,-0.0014267122474848292,-0.15564256869256496
309,627,141.49472890999996,430.87,1008,632832,0.009434766,64.8839659690857,0.2678109407424927,3080,40.403141021728516,0.7809264808893204,0.2,0.0003,0.126220703125,0.0010511088446946814,-0.15726257637143135
310,627,137.45909887000002,435.81,1011,634880,0.010375017,61.85127953886986,0.2664969265460968,3090,13.8265380859375,0.8412781953811646,0.2,0.0003,0.132373046875,-0.001531336532207206,-0.15321263931691648
311,627,136.6548271,433.07,1014,636928,0.012197306,114.86422031521798,0.2630857229232788,3100,20.517467498779297,0.8302910178899765,0.2,0.0003,0.099365234375,0.0019421128963585943,-0.13642936982214451
312,627,132.64378485999998,419.43,1018,638976,0.010896204,76.15373134464025,0.2639923691749573,3110,44.255393981933594,0.6844699084758759,0.2,0.0003,0.097021484375,-0.0009567308414261788,-0.12447414323687553
313,627,136.82336429,404.51,1021,641024,0.015646499,69.79944557845593,0.26179268956184387,3120,20.371858596801758,0.9151449501514435,0.2,0.0003,0.1337890625,-0.001560712998616509,-0.1177255604416132
314,627,133.20173916000002,396.78,1024,643072,0.004900593,193.51139211654663,0.2623142600059509,3130,66.90028381347656,0.7002407908439636,0.2,0.0003,0.088134765625,-0.0016946461299085058,-0.1161937691271305
315,627,131.31711700999998,400.44,1027,645120,0.009509334,161.26407174766064,0.26119428873062134,3140,45.93247604370117,0.7054966390132904,0.2,0.0003,0.10673828125,-0.004736874160880688,-0.11638939902186393
316,627,129.43632297999997,392.69,1031,647168,0.009829659,152.9222215861082,0.2630728781223297,3150,47.957035064697266,0.8198397904634476,0.2,0.0003,0.0935546875,-0.0020204950480547266,-0.11852818243205547
317,627,135.21068668,388.06,1034,649216,0.011762694,59.28721481859684,0.2628299593925476,3160,18.916105270385742,0.9348148331046104,0.2,0.0003,0.1251953125,-0.0018500916892662644,-0.12222595997154713
318,627,136.54448373999998,393.8,1037,651264,0.009674016,133.77206154465676,0.26347488164901733,3170,87.01869201660156,0.8499751538038254,0.2,0.0003,0.084423828125,-0.002918421892536571,-0.12611194960772992
319,627,133.95768742,388.11,1041,653312,0.008214346,176.597821444273,0.25987863540649414,3180,20.626808166503906,0.7736740857362747,0.2,0.0003,0.073974609375,-0.0017851869182777592,-0.11386077255010604
320,627,127.94789166000001,402.22,1044,655360,0.011218766,70.53062396049499,0.2621222734451294,3190,36.1263427734375,0.9431826956570148,0.2,0.0003,0.11298828125,-0.0008341055858181789,-0.10811870507895946
321,627,138.58594908999999,380.47,1047,657408,0.014267318,52.84216378033161,0.26270508766174316,3200,5.522091865539551,0.9487222656607628,0.2,0.0003,0.10146484375,0.0033100471402576657,-0.11804606318473816
322,627,139.05842895,376.15,1050,659456,0.013846399,78.57716156840324,0.26050296425819397,3210,52.003021240234375,0.7695183157920837,0.2,0.0003,0.1498046875,0.00024719925204408355,-0.11530094556510448
323,627,139.46157670999997,351.86,1053,661504,0.0049940017,183.02238937020303,0.2599923014640808,3220,42.675228118896484,0.6808025538921356,0.2,0.0003,0.0796875,-0.002209626866533654,-0.10428042821586132
324,627,136.12453681999997,352.92,1057,663552,0.0069498816,284.6920039772987,0.25942426919937134,3230,56.055870056152344,0.6127908825874329,0.2,0.0003,0.08330078125,-0.005281097943952773,-0.10314215533435345
325,627,136.54529334999998,348.91,1060,665600,0.010687418,101.71012560725212,0.25891393423080444,3240,9.598313331604004,0.9284414052963257,0.2,0.0003,0.1359375,-0.0006137392636446747,-0.10086428485810757
326,627,140.06378628,341.73,1063,667648,0.012402456,79.79827607870102,0.2580706775188446,3250,104.9035415649414,0.8136279135942459,0.2,0.0003,0.108447265625,0.001419352664379403,-0.09496656693518161
327,627,139.09649742999997,345.8,1066,669696,0.017264739,72.13493874073029,0.25374504923820496,3260,31.57474136352539,0.8238352537155151,0.2,0.0003,0.11533203125,-0.0032246716509689577,-0.0743815865367651
328,627,134.58000915,347.19,1070,671744,0.011290431,49.036729449033736,0.2481403350830078,3270,14.030458450317383,0.9342972785234451,0.2,0.0003,0.13857421875,-0.0004617298865923658,-0.03175219111144543
329,627,140.46849924999998,341.37,1073,673792,0.0085432585,100.44668161869049,0.24811679124832153,3280,48.06620788574219,0.8910871967673302,0.2,0.0003,0.11455078125,0.002592180518695386,-0.007456550002098083
330,627,140.56451675999998,348.77,1076,675840,0.009284496,133.30159522891046,0.2480948120355606,3290,70.14395904541016,0.8395625650882721,0.2,0.0003,0.1423828125,-0.0009731408310472034,-0.004753650352358818
331,627,145.66765072,344.29,1079,677888,0.016035248,58.18933147341013,0.250461220741272,3300,8.624723434448242,0.9438926093280315,0.2,0.0003,0.13466796875,0.002861305637634359,-0.012421935796737671
332,627,145.96006767999998,345.11,1083,679936,0.0066453116,137.09344921708106,0.25152552127838135,3310,51.692230224609375,0.7747887969017029,0.2,0.0003,0.09521484375,-0.0003969960336689837,-0.01983012817800045
333,627,153.02182292999998,333.75,1086,681984,0.008055966,136.3277301967144,0.25127890706062317,3320,55.527523040771484,0.8823440074920654,0.2,0.0003,0.105859375,-0.0012842520911362954,-0.023581059649586678
334,627,155.61449874,328.12,1089,684032,0.0068930867,212.5808735370636,0.2517011761665344,3330,88.81620025634766,0.781652107834816,0.2,0.0003,0.10478515625,-0.008764478825469268,-0.025198326632380485
335,627,159.79790921999998,332.5,1092,686080,0.0078059463,105.80587229132652,0.2521509826183319,3340,35.43156814575195,0.8405949771404266,0.2,0.0003,0.0994140625,-0.003259462345886277,-0.02944808974862099
336,627,157.71511709999996,321.19,1096,688128,0.01127835,57.92181951403618,0.25200146436691284,3350,11.774617195129395,0.6812743544578552,0.2,0.0003,0.159326171875,0.00628875625989167,-0.029824570938944816
337,627,155.30367923000003,317.42,1099,690176,0.0076766405,183.81215706467628,0.25234004855155945,3360,22.592634201049805,0.7326225936412811,0.2,0.0003,0.09267578125,-0.0031305296666687354,-0.026616641506552696
338,627,162.50366158000003,323.21,1102,692224,0.009731967,128.18212918639182,0.25222620368003845,3370,32.47276306152344,0.8541296422481537,0.2,0.0003,0.098876953125,-0.0004444369551492855,-0.025276365876197814
339,627,162.70536972999997,320.35,1105,694272,0.0110666305,120.3990144431591,0.2516523003578186,3380,63.26560974121094,0.8233889937400818,0.2,0.0003,0.128466796875,-0.0030063412923482247,-0.019613566249608992
340,627,163.02084902,313.12,1109,696320,0.0073485775,172.17750371098518,0.25280970335006714,3390,39.23384475708008,0.7994302064180374,0.2,0.0003,0.093603515625,0.000365583357779542,-0.021749137341976164
341,627,151.83918665,298.12,1112,698368,0.011669985,115.6078314125538,0.25477921962738037,3400,26.28142547607422,0.8521979749202728,0.2,0.0003,0.122021484375,-0.004466421715915203,-0.0328885592520237
342,627,156.18643221000002,285.3,1115,700416,0.007051729,298.8165836930275,0.2549141049385071,3410,71.58846282958984,0.7640006095170975,0.2,0.0003,0.05380859375,-0.0010040229291917058,-0.04007356837391853
343,627,154.53949791999997,294.63,1118,702464,0.023748983,64.26722252964973,0.2501741945743561,3420,20.246475219726562,0.9174515306949615,0.2,0.0003,0.128564453125,-0.000674079466261901,-0.02732994258403778
344,627,158.42862307,284.92,1122,704512,0.010268454,76.58391222655773,0.2473950982093811,3430,15.68540096282959,0.6690734326839447,0.2,0.0003,0.1326171875,0.002193855631048791,0.004310112074017524
345,627,161.92581303999998,284.37,1125,706560,0.0073477584,71.42965496182441,0.24535691738128662,3440,28.072372436523438,0.8765908777713776,0.2,0.0003,0.101904296875,0.0009692857958725654,0.02264406979084015
346,627,160.03164003,281.75,1128,708608,0.013602359,58.98170085251331,0.2481885850429535,3450,18.009286880493164,0.8853685259819031,0.2,0.0003,0.147119140625,0.0017582068157935282,0.01645502932369709
347,627,159.33802762,293.66,1131,710656,0.008475739,145.93839042782784,0.24671447277069092,3460,177.14498901367188,0.7430244386196136,0.2,0.0003,0.08857421875,-0.0007254593801917508,0.011399507522583008
348,627,160.07730217,289.66,1135,712704,0.011204548,170.1936919376254,0.24424079060554504,3470,24.42119789123535,0.6309199333190918,0.2,0.0003,0.131640625,0.0008090976167295594,0.022026534378528594
349,627,160.68549483999996,292.16,1138,714752,0.0075792177,96.71754675209522,0.24448588490486145,3480,36.85476303100586,0.8869698122143745,0.2,0.0003,0.077734375,-0.0006213695989572444,0.0351928286254406
350,627,167.6801868,287.55,1141,716800,0.010968439,59.760312996804714,0.24328166246414185,3490,33.47624206542969,0.8198711276054382,0.2,0.0003,0.1796875,0.00494968115890515,0.039039536565542224
351,627,167.20932864,294.81,1144,718848,0.007691773,56.01518907248974,0.24243997037410736,3500,18.68724250793457,0.793605849146843,0.2,0.0003,0.094482421875,-0.0005972907903924352,0.05356309339404106
352,627,162.26825694,291.8,1148,720896,0.023612015,63.703755371272564,0.2423401176929474,3510,32.12206268310547,0.8457943350076675,0.2,0.0003,0.14267578125,-0.00046338189495145345,0.06288887485861779
353,627,163.70212105,295.94,1151,722944,0.006236801,228.10645689964295,0.2414201945066452,3520,56.70665740966797,0.7262499630451202,0.2,0.0003,0.07294921875,-0.004267972653178731,0.06773887127637863
354,627,161.81613697999998,298.65,1154,724992,0.010810381,103.50328691601753,0.23952756822109222,3530,43.77574157714844,0.8338700234889984,0.2,0.0003,0.10458984375,-0.0009397801244631409,0.08381790593266487
355,627,166.36807006999996,306.29,1157,727040,0.01363475,136.53478947281837,0.23718932271003723,3540,31.658658981323242,0.7264451086521149,0.2,0.0003,0.123388671875,-0.0029630692581122274,0.10063776150345802
356,627,163.28559671999997,308.58,1161,729088,0.010368096,121.41563349366189,0.23863089084625244,3550,8.576597213745117,0.6841331720352173,0.2,0.0003,0.126904296875,0.0009841264953138306,0.10393262356519699
357,627,164.47356491,313.71,1164,731136,0.008139852,249.38849793672563,0.23720544576644897,3560,119.9888687133789,0.6696004867553711,0.2,0.0003,0.103759765625,-0.0007849013753002509,0.10643089264631271
358,627,164.02142591,307.21,1167,733184,0.011586035,50.69852350056171,0.23699504137039185,3570,32.07670211791992,0.8500157594680786,0.2,0.0003,0.161376953125,0.004431539276265539,0.11775830201804638
359,627,164.7673844,316.76,1171,735232,0.010282956,196.87236406207086,0.23836877942085266,3580,71.66644287109375,0.7235850393772125,0.2,0.0003,0.126904296875,-0.001920175143459346,0.11214813031256199
360,627,161.43857574,310.58,1174,737280,0.010244959,92.24061830639839,0.23668956756591797,3590,35.86389923095703,0.8094684779644012,0.2,0.0003,0.131884765625,-0.00015262055967468768,0.11006804257631302
361,627,167.58552989,302.22,1177,739328,0.013676843,124.8685465812683,0.2313227653503418,3600,220.95472717285156,0.8221286982297897,0.2,0.0003,0.12958984375,0.0015347210490290308,0.1384481992572546
362,627,168.82257878000004,304.44,1180,741376,0.006354102,171.80698199272155,0.22838260233402252,3610,48.03992462158203,0.7817755490541458,0.2,0.0003,0.1052734375,-0.0008631548269477207,0.17181101739406585
363,627,162.78649097000002,307.46,1184,743424,0.011187518,111.83982728198171,0.22440296411514282,3620,71.826416015625,0.4315796494483948,0.2,0.0003,0.12587890625,-0.0019159835486789235,0.20113111697137356
364,627,159.61632056,297.05,1187,745472,0.009319414,186.9392917096615,0.226494699716568,3630,21.449445724487305,0.8116831183433533,0.2,0.0003,0.121240234375,-0.0008469039701594738,0.21314653381705284
365,627,158.07742727999997,297.39,1190,747520,0.014205329,115.76172527968883,0.22801655530929565,3640,27.64409828186035,0.8158138990402222,0.2,0.0003,0.140576171875,-0.0022494738492241594,0.1990161221474409
366,627,159.72367789,306.8,1193,749568,0.011854274,117.71405572891236,0.22758275270462036,3650,77.11981964111328,0.8858959078788757,0.2,0.0003,0.116357421875,-0.0055876781538245265,0.19467893727123736
367,627,152.77342615,309.39,1197,751616,0.019183155,33.49615855515003,0.22913393378257751,3660,21.86627960205078,0.9310727119445801,0.2,0.0003,0.203466796875,0.008925075538718375,0.19376419484615326
368,627,159.86100641,305.08,1200,753664,0.008082435,144.73973257690668,0.22944767773151398,3670,94.19866180419922,0.8834521695971489,0.2,0.0003,0.101416015625,-0.0020593239096342586,0.18402498438954354
369,627,159.39976251,312.37,1203,755712,0.00832453,93.70977235436439,0.2280208170413971,3680,7.127748966217041,0.8393531143665314,0.2,0.0003,0.09853515625,0.0009332014451501891,0.18859577924013138
370,627,159.18909659999997,315.34,1207,757760,0.017214546,21.444091393053533,0.222625732421875,3690,11.428589820861816,0.9487011060118675,0.2,0.0003,0.148779296875,0.004203686492110137,0.21550314724445344
371,627,160.43619872000002,318.12,1210,759808,0.005822504,121.16558513641357,0.22212038934230804,3700,106.47247314453125,0.8734772652387619,0.2,0.0003,0.10205078125,-0.00031387655617436393,0.24043624699115754
372,627,165.42570793,309.0,1213,761856,0.01173288,105.39385555386544,0.22134563326835632,3710,62.744659423828125,0.8933461979031563,0.2,0.0003,0.082373046875,-0.0016712061136786361,0.2480521634221077
373,627,169.57856301000004,312.98,1216,763904,0.011935387,48.377289375662805,0.2213509976863861,3720,19.902738571166992,0.9311967417597771,0.2,0.0003,0.164794921875,0.0018141146138077602,0.2525598000735044
374,627,174.01149970000006,312.02,1219,765952,0.011291572,108.67827452421189,0.22131913900375366,3730,11.282824516296387,0.6265393197536469,0.2,0.0003,0.120166015625,0.0011782822301029227,0.25319949463009833
375,627,170.8548313,320.63,1223,768000,0.01635152,83.05644671022893,0.21960662305355072,3740,52.38510513305664,0.8727729767560959,0.2,0.0003,0.15478515625,0.00018077358763548545,0.25761443339288237
376,627,171.8187254,322.64,1226,770048,0.0066739013,139.07942797243595,0.21939419209957123,3750,14.729232788085938,0.5656242370605469,0.2,0.0003,0.107861328125,-0.0004869543801760301,0.26788612343370916
377,627,176.79235724999998,328.16,1229,772096,0.012717932,56.972555139660834,0.2183404266834259,3760,40.589691162109375,0.8922409191727638,0.2,0.0003,0.1140625,0.0011212333221919835,0.2747491467744112
378,627,177.43392721,331.35,1233,774144,0.011778539,45.732807195186616,0.21695691347122192,3770,21.256418228149414,0.8691839426755905,0.2,0.0003,0.12548828125,0.004551212760270573,0.28572675697505473
379,627,180.83872766000002,335.64,1236,776192,0.012746189,23.569984582066535,0.21583369374275208,3780,11.611723899841309,0.9233587607741356,0.2,0.0003,0.165673828125,0.0030615000185207466,0.3016855590045452
380,627,181.25426551999996,343.76,1239,778240,0.01652861,74.13553671240807,0.21615728735923767,3790,24.912250518798828,0.7637335658073425,0.2,0.0003,0.128173828125,-0.003552886196121108,0.3060360137373209
381,627,182.79261119,342.54,1242,780288,0.022892732,38.42101104706526,0.21503877639770508,3800,19.175840377807617,0.7116221487522125,0.2,0.0003,0.111767578125,0.003481442634074483,0.31031487733125684
382,627,188.52597483999998,344.05,1246,782336,0.008515589,120.36482033729553,0.2150370478630066,3810,13.251294136047363,0.7797685861587524,0.2,0.0003,0.125732421875,-0.0008783284894889221,0.31766280978918077
383,627,195.18956567999993,332.12,1249,784384,0.007964115,61.64203096926212,0.21613121032714844,3820,15.85586166381836,0.6973516047000885,0.2,0.0003,0.09853515625,-9.434996827621945e-05,0.3162572681903839
384,627,198.12538785,332.07,1252,786432,0.021663804,50.327068242430684,0.2140551507472992,3830,57.03379440307617,0.8375234603881836,0.2,0.0003,0.146728515625,0.006318827936047456,0.33053663894534113
385,627,195.09939814,350.35,1256,788480,0.008097581,160.21703775376082,0.21272368729114532,3840,22.923202514648438,0.7476550340652466,0.2,0.0003,0.10439453125,6.393634175765328e-05,0.347273263707757
386,627,194.54366084999998,338.24,1259,790528,0.018411038,28.4464159488678,0.21412420272827148,3850,3.1577115058898926,0.8748942613601685,0.2,0.0003,0.192578125,0.002137462991231587,0.3453963309526443
387,627,192.54896143000005,333.93,1262,792576,0.004840105,210.2143406867981,0.21521088480949402,3860,129.7061767578125,0.5725556015968323,0.2,0.0003,0.088916015625,-0.000457451562397182,0.3362063277512789
388,627,191.76502025999997,337.37,1265,794624,0.011293473,211.64639501571656,0.21301773190498352,3870,161.73355102539062,0.7709284573793411,0.2,0.0003,0.105078125,-0.0033128881677839672,0.3402851168066263
389,627,187.92422326,329.61,1269,796672,0.010822339,109.04643316268921,0.21277163922786713,3880,15.037313461303711,0.8795396164059639,0.2,0.0003,0.099951171875,-0.004726576647226466,0.35309635996818545
390,627,186.33642980999994,330.2,1272,798720,0.01362774,134.01822887957096,0.21260878443717957,3890,60.9895133972168,0.8061983585357666,0.2,0.0003,0.11650390625,-0.0035365062867640518,0.3559544175863266
391,627,187.53529062,332.79,1275,800768,0.018942121,34.89387749731541,0.21430951356887817,3900,8.116446495056152,0.8275722712278366,0.2,0.0003,0.195263671875,0.005367901256249752,0.35140352994203566
392,627,188.82228786,331.55,1278,802816,0.01854466,36.272703868150714,0.21242418885231018,3910,20.8924503326416,0.9102930277585983,0.2,0.0003,0.1857421875,0.0029643589630723,0.3506483014672995
393,627,180.14200943999995,326.8,1282,804864,0.012390279,138.60322785377502,0.2122715264558792,3920,13.865824699401855,0.7128348350524902,0.2,0.0003,0.11201171875,-0.0002368990652030334,0.3585107669234276
394,627,181.28004513,322.64,1285,806912,0.0054616006,140.76507652401924,0.21301808953285217,3930,50.999542236328125,0.8571279942989349,0.2,0.0003,0.080078125,0.0014478370183496736,0.35751464776694775
395,627,186.0604162,312.04,1288,808960,0.015858412,103.5720391407609,0.21323764324188232,3940,26.32462501525879,0.7197457849979401,0.2,0.0003,0.13212890625,-0.0012231552245793864,0.35726843029260635
396,627,178.78108112,310.13,1291,811008,0.013720211,137.77274688482285,0.21273425221443176,3950,73.0945053100586,0.8032436817884445,0.2,0.0003,0.123583984375,-0.0003316396177979186,0.3617573454976082
397,627,176.78967287,302.22,1295,813056,0.009382551,175.3029099524021,0.2125426083803177,3960,64.7476806640625,0.775855153799057,0.2,0.0003,0.11494140625,-0.0003294390582595952,0.3652846053242683
398,627,175.10012942,301.57,1298,815104,0.016628884,76.75089832544327,0.2104893922805786,3970,48.855010986328125,0.8722566217184067,0.2,0.0003,0.164404296875,-0.0010416385637654457,0.37622806467115877
399,627,174.92266605,304.2,1301,817152,0.009489786,110.96214501857757,0.210885152220726,3980,19.885629653930664,0.8217150866985321,0.2,0.0003,0.120703125,0.0016334116400685162,0.3864428110420704
400,627,177.97469431,293.31,1304,819200,0.015746133,66.04493958353996,0.20725604891777039,3990,8.257118225097656,0.7260128557682037,0.2,0.0003,0.1796875,-0.0006853036917163991,0.3990604793652892
401,627,182.99506680000002,290.42,1308,821248,0.010544003,91.30790346860886,0.20572175085544586,4000,43.9150505065918,0.8088909685611725,0.2,0.0003,0.166259765625,-3.26662469888106e-05,0.4203238097950816
402,627,186.35802736000005,292.57,1311,823296,0.0072774687,149.4219388127327,0.20456993579864502,4010,39.68730926513672,0.7405960857868195,0.2,0.0003,0.090185546875,8.336212558788248e-05,0.4321774011477828
403,627,187.01990278000002,295.84,1314,825344,0.017007915,117.03579894900322,0.20404687523841858,4020,84.5690689086914,0.8053016811609268,0.2,0.0003,0.14521484375,0.0033633463404839858,0.4393158173188567
404,627,184.42698079000004,307.98,1318,827392,0.011693915,97.90213510394096,0.20551234483718872,4030,67.33433532714844,0.8403260856866837,0.2,0.0003,0.1193359375,-0.0006732931091391947,0.43630668222904206
405,627,183.89103134999996,287.89,1321,829440,0.02072801,61.41500686556101,0.2025263011455536,4040,23.268173217773438,0.8546608537435532,0.2,0.0003,0.16083984375,0.004537931321829091,0.4410221932455897
406,627,184.54606357999998,288.39,1324,831488,0.010271883,138.04780121445657,0.20137706398963928,4050,49.160221099853516,0.8233790546655655,0.2,0.0003,0.12861328125,-0.0022199945287866285,0.4561649806797504
407,627,184.33559845,295.98,1327,833536,0.0133793745,66.23411064743996,0.20297349989414215,4060,17.788347244262695,0.7827620208263397,0.2,0.0003,0.166357421875,0.0015926384403428528,0.4541319729760289
408,627,187.43185416,289.02,1331,835584,0.010272833,128.81831680238247,0.2016294002532959,4070,24.907636642456055,0.7311126887798309,0.2,0.0003,0.138330078125,3.9665311487624424e-05,0.456223682872951
409,627,184.18176252,287.56,1334,837632,0.015199444,117.97064388990403,0.19862230122089386,4080,46.63595962524414,0.8296550661325455,0.2,0.0003,0.12666015625,-0.0006529894038976636,0.47969784643501046
410,627,188.2825422,290.54,1337,839680,0.011645429,180.3032253086567,0.1996222585439682,4090,37.22524642944336,0.7914741635322571,0.2,0.0003,0.12607421875,-0.0030779160086240155,0.48879449609667064
411,627,185.70351567,294.44,1340,841728,0.017794017,136.09239314198493,0.19827532768249512,4100,69.68524169921875,0.8227028399705887,0.2,0.0003,0.146142578125,0.004231271105527412,0.4920457502827048
412,627,185.30143146999995,296.83,1344,843776,0.011530458,158.6300027757883,0.19791658222675323,4110,37.273590087890625,0.7463908195495605,0.2,0.0003,0.135693359375,-0.0031783894010004587,0.49938900861889124
413,627,187.62099889,285.12,1347,845824,0.0117771495,155.35967991650105,0.1980099081993103,4120,69.54600524902344,0.7132933735847473,0.2,0.0003,0.17451171875,1.4137494872557e-05,0.4986103892326355
414,627,187.65955354,291.85,1350,847872,0.020118233,112.41075147390366,0.19737890362739563,4130,75.1849365234375,0.7937451303005219,0.2,0.0003,0.171484375,0.004879791439452674,0.5028791353106499
415,627,185.74092672999998,294.07,1353,849920,0.014181563,24.456403942406176,0.19733648002147675,4140,7.885246276855469,0.8731912821531296,0.2,0.0003,0.20126953125,0.006453758282441413,0.5010700089856982
416,627,188.07504847,295.51,1357,851968,0.012591172,109.45109713077545,0.19509488344192505,4150,47.638038635253906,0.7879850268363953,0.2,0.0003,0.12373046875,0.00010990650480380282,0.5122318312525749
417,627,186.44164107000003,296.98,1360,854016,0.016906336,29.952850003540515,0.19408009946346283,4160,5.686737537384033,0.7103786468505859,0.2,0.0003,0.198828125,0.004051462664210703,0.5222811158746481
418,627,185.88274893999997,299.97,1363,856064,0.0069818823,106.14766140580177,0.19375351071357727,4170,144.41812133789062,0.7485351264476776,0.2,0.0003,0.114404296875,0.0015011054390924982,0.5242379674687981
419,627,188.99746379,295.8,1366,858112,0.008846395,139.67960218638183,0.19304397702217102,4180,3.437373638153076,0.6919148862361908,0.2,0.0003,0.12958984375,-0.0030800408210780008,0.530367436259985
420,627,185.96773753999997,293.89,1370,860160,0.020439718,70.65443557798862,0.1948169469833374,4190,27.063207626342773,0.7972712218761444,0.2,0.0003,0.149658203125,-0.005744216083257925,0.5248666329309344
421,627,184.12351776000003,300.14,1373,862208,0.014734117,114.34936549663544,0.19274267554283142,4200,83.97222137451172,0.8359261751174927,0.2,0.0003,0.137744140625,0.0009709896476124413,0.5279360888525844
422,627,182.59353507000003,295.66,1376,864256,0.008358499,113.17771562337876,0.19202876091003418,4210,41.838340759277344,0.6276533007621765,0.2,0.0003,0.127490234375,0.0006052013886801433,0.5458829132840037
423,627,179.24962709,296.81,1380,866304,0.009334424,206.58267018198967,0.1921418458223343,4220,17.541465759277344,0.7685450166463852,0.2,0.0003,0.097802734375,-0.0012111988820834086,0.5526756197214127
424,627,179.05129091000003,296.79,1383,868352,0.008405853,175.61991015076637,0.1910659372806549,4230,38.4769287109375,0.5953160524368286,0.2,0.0003,0.0822265625,0.000602204730239464,0.5538020893931389
425,627,176.8891716,294.06,1386,870400,0.012193972,243.74634611010552,0.19228993356227875,4240,18.8796443939209,0.7096617817878723,0.2,0.0003,0.127392578125,-0.0011071262924815528,0.5547659801319241
426,627,178.8415921,292.87,1389,872448,0.010627719,169.055743573606,0.19375237822532654,4250,70.99327087402344,0.7881971448659897,0.2,0.0003,0.165869140625,-0.0024193937075324356,0.5460957104340196
427,627,175.70942259000003,298.02,1393,874496,0.017423738,92.87138774842023,0.19080513715744019,4260,21.122652053833008,0.8333451896905899,0.2,0.0003,0.148681640625,0.002401822616229765,0.5482110116630793
428,627,174.30941288000002,300.67,1396,876544,0.018528732,63.62626850306988,0.19120322167873383,4270,54.53924560546875,0.9364498481154442,0.2,0.0003,0.1966796875,0.0038696657502441667,0.5542062051594258
429,627,175.44789051,305.36,1399,878592,0.017762352,69.56586948484183,0.18982815742492676,4280,20.53075408935547,0.7522433400154114,0.2,0.0003,0.14375,0.0017678027608781122,0.5541052406653761
430,627,168.96459961,315.58,1402,880640,0.029487211,55.18318706154823,0.18999791145324707,4290,4.586647987365723,0.7846940904855728,0.2,0.0003,0.1708984375,0.008326238903100603,0.568843531794846
431,627,163.82451383999995,304.99,1406,882688,0.00872723,137.12646361142396,0.19157183170318604,4300,71.7046890258789,0.8260596841573715,0.2,0.0003,0.160986328125,0.0009079012925212737,0.5569382723420858
432,627,166.20087606999996,312.3,1409,884736,0.010616051,124.59571717977524,0.19401636719703674,4310,34.91155242919922,0.8377145677804947,0.2,0.0003,0.116943359375,-7.050731601339066e-05,0.5377720195800066
433,627,167.90089962,299.74,1412,886784,0.012458634,52.92346116602421,0.1937897801399231,4320,35.079524993896484,0.7395796477794647,0.2,0.0003,0.1400390625,0.00197099764336599,0.5231128010898829
434,627,169.26736161,303.91,1415,888832,0.008012611,118.8898887515068,0.1942565143108368,4330,53.19448471069336,0.8735024780035019,0.2,0.0003,0.15244140625,2.6229499781038612e-05,0.5225653422996401
435,627,172.11144129000002,300.3,1419,890880,0.012527382,64.46524210572242,0.19241857528686523,4340,13.50300407409668,0.9399588778614998,0.2,0.0003,0.149853515625,-0.0009634809073759242,0.5288520254194736
436,627,172.55793063000002,297.78,1422,892928,0.0103978515,59.38293531537056,0.19226863980293274,4350,25.312379837036133,0.9059970304369926,0.2,0.0003,0.142626953125,0.0005690790276275948,0.5382278379052877
437,627,178.19789531000004,304.22,1425,894976,0.026894044,34.26430460959673,0.19040712714195251,4360,5.0265703201293945,0.9330841079354286,0.2,0.0003,0.154443359375,0.004129822315007914,0.5530149159952998
438,627,178.03175417,307.07,1429,897024,0.01394135,88.70508947968483,0.18866118788719177,4370,73.26138305664062,0.644054502248764,0.2,0.0003,0.17255859375,0.0007321067845623474,0.573930137231946
439,627,177.31980717999994,306.97,1432,899072,0.016403727,58.40879971683025,0.1858690083026886,4380,15.018561363220215,0.8196376413106918,0.2,0.0003,0.152001953125,0.001529473542177584,0.6001721762120724
440,627,181.70196489999998,310.73,1435,901120,0.017942708,134.6981389760971,0.1877204179763794,4390,5.174021244049072,0.7232305705547333,0.2,0.0003,0.1255859375,0.0012319724206463433,0.6061049865558743
441,627,182.68292358,311.41,1439,903168,0.010804728,108.73924994170666,0.18647077679634094,4400,32.26639175415039,0.7996725589036942,0.2,0.0003,0.14375,-0.0008170920569682494,0.6026471115648746
442,627,185.89930074,304.87,1442,905216,0.015090695,36.585437308251855,0.18641307950019836,4410,3.5529065132141113,0.6674399673938751,0.2,0.0003,0.1744140625,0.004714640379097546,0.6055015603080391
443,627,184.18644425000002,314.63,1445,907264,0.016001228,78.99957473874092,0.18704354763031006,4420,16.27594757080078,0.7590247392654419,0.2,0.0003,0.15341796875,0.00033174894197145476,0.6061857040971518
444,627,187.25657387000004,291.61,1448,909312,0.015140379,63.71653202176094,0.18594887852668762,4430,29.10320281982422,0.8412583321332932,0.2,0.0003,0.177392578125,0.007294925923633855,0.6069666411727667
445,627,190.64125564999998,294.31,1452,911360,0.013109946,80.91866785883903,0.1850237250328064,4440,42.98729705810547,0.8334765881299973,0.2,0.0003,0.133056640625,0.002027670128882164,0.6211325604468584
446,627,196.52813304,290.4,1455,913408,0.00495696,171.2195727288723,0.18404582142829895,4450,336.77520751953125,0.774488240480423,0.2,0.0003,0.10126953125,0.0006878277970827184,0.6298459751531482
447,627,194.87869215000003,292.41,1458,915456,0.009321984,47.42680153548717,0.18369358777999878,4460,12.584786415100098,0.7794551849365234,0.2,0.0003,0.145703125,0.0037222356273559853,0.6395794101059437
448,627,196.62674277999997,288.52,1462,917504,0.012224058,232.4790570318699,0.18471767008304596,4470,117.31641387939453,0.712090939283371,0.2,0.0003,0.111474609375,-0.0016076662424893585,0.6379449365660548
449,627,194.49041142000002,287.08,1465,919552,0.011406291,103.62414042055607,0.18480253219604492,4480,27.100486755371094,0.8432119339704514,0.2,0.0003,0.118896484375,-0.0015522827874519863,0.6276051083579659
450,627,190.98856196999998,285.05,1468,921600,0.016029838,150.95794102549553,0.18383774161338806,4490,104.69119262695312,0.7487165033817291,0.2,0.0003,0.14580078125,0.0022477683953184167,0.6286453006789088
451,627,189.33885687000003,280.06,1471,923648,0.01121407,147.26410230994225,0.18548879027366638,4500,75.35357666015625,0.7661447823047638,0.2,0.0003,0.099169921875,0.00016216585208894685,0.6272186806425453
452,627,192.73075943000003,279.09,1475,925696,0.013489462,132.0193959951401,0.18454307317733765,4510,137.7349090576172,0.8551073521375656,0.2,0.0003,0.15078125,-0.0005279314376821276,0.6244207939133049
453,627,190.01754671000003,277.96,1478,927744,0.018686602,74.9226661324501,0.18553629517555237,4520,42.888648986816406,0.8184436708688736,0.2,0.0003,0.161328125,0.002354531266610138,0.6255279200151562
454,627,189.72650578,279.45,1481,929792,0.009777813,127.19597641229629,0.1861666589975357,4530,13.935689926147461,0.77384053170681,0.2,0.0003,0.12646484375,0.0005701604030036833,0.6170807551592589
455,627,187.94924649,273.14,1485,931840,0.023832802,87.46133725643158,0.18572145700454712,4540,113.38499450683594,0.7942394614219666,0.2,0.0003,0.148779296875,0.001999575587979052,0.6092917053028941
456,627,193.17117540000004,261.51,1488,933888,0.019965,80.89557785391807,0.1860255002975464,4550,17.894515991210938,0.8556766510009766,0.2,0.0003,0.15029296875,0.004979500357148936,0.6044134479016066
457,627,193.04517438999994,265.07,1491,935936,0.014228207,188.64533696770667,0.18642346560955048,4560,63.64973831176758,0.7343569993972778,0.2,0.0003,0.1431640625,0.0034552630015241446,0.5955353556200862
458,627,188.82484293999997,264.54,1495,937984,0.018585468,74.6731187671423,0.18850429356098175,4570,45.5553092956543,0.7300471663475037,0.2,0.0003,0.174658203125,0.0030819941966910847,0.5806429447606206
459,627,180.66000756000003,264.45,1498,940032,0.014243588,146.6852888971567,0.18755942583084106,4580,16.576923370361328,0.7914649844169617,0.2,0.0003,0.136279296875,-0.0009015130199259147,0.5748251738026738
460,627,182.40252988,269.27,1501,942080,0.011884434,161.12324944138527,0.18715108931064606,4590,96.41973876953125,0.7591602653264999,0.2,0.0003,0.136181640625,-0.003242177171341609,0.5833596609532833
461,627,179.86112942,274.7,1504,944128,0.009016855,39.667939361929896,0.18591508269309998,4600,4.5930585861206055,0.8642873167991638,0.2,0.0003,0.211767578125,0.014308813911338803,0.5833598190918565
462,627,184.38455448000005,279.14,1508,946176,0.007556118,179.06712622344494,0.18611833453178406,4610,122.02681732177734,0.7495150864124298,0.2,0.0003,0.145751953125,0.0004510372018557973,0.5887536104768515
463,627,186.24625646000004,283.56,1511,948224,0.016184863,80.34030063152314,0.18610236048698425,4620,30.81107521057129,0.8639135807752609,0.2,0.0003,0.13037109375,-0.0004619422288669739,0.5896478390321136
464,627,191.82502457,294.55,1514,950272,0.013252551,54.22389068901539,0.1830698549747467,4630,18.916467666625977,0.6976619958877563,0.2,0.0003,0.161376953125,0.0014113092591287568,0.6013559905812145
465,627,184.55454813,291.98,1518,952320,0.012745088,68.72660519480705,0.183907151222229,4640,42.586524963378906,0.7490873038768768,0.2,0.0003,0.139697265625,0.0023357414494967086,0.6189053688198328
466,627,187.36977811999998,299.67,1521,954368,0.009301867,176.03893322050573,0.1842544972896576,4650,89.33234405517578,0.7324360311031342,0.2,0.0003,0.079345703125,0.00037397211126517506,0.6147948635742069
467,627,185.27810147999998,296.18,1524,956416,0.017085418,41.96672331392765,0.18443948030471802,4660,10.445136070251465,0.6668654680252075,0.2,0.0003,0.1392578125,0.0076750672422349455,0.6058597141876817
468,627,180.99099012,302.7,1527,958464,0.010919388,153.55293483436108,0.1834421008825302,4670,71.4232177734375,0.7908771336078644,0.2,0.0003,0.130908203125,-0.0017434346184018068,0.6067728795111179
469,627,181.01692446,308.48,1531,960512,0.0115875555,126.57093526124955,0.18149873614311218,4680,42.00267028808594,0.8007303178310394,0.2,0.0003,0.129443359375,0.00025830746963038107,0.6231033351272345
470,627,178.8097388,313.74,1534,962560,0.017894188,45.389727517217395,0.18368366360664368,4690,25.336381912231445,0.8216779828071594,0.2,0.0003,0.212255859375,0.010568203789443942,0.6221570594236254
471,627,185.34030724000002,315.0,1537,964608,0.010572341,70.32310034036637,0.18141654133796692,4700,12.792962074279785,0.7706535458564758,0.2,0.0003,0.12919921875,0.0018013060558587312,0.6173474658280611
472,627,183.71900373,312.22,1541,966656,0.014161149,47.76681576371193,0.1802099347114563,4710,16.703996658325195,0.9100037068128586,0.2,0.0003,0.12666015625,0.004443993983295513,0.6359492920339107
473,627,178.95786508,307.73,1544,968704,0.013326945,51.2623086810112,0.17871251702308655,4720,19.895078659057617,0.8733350932598114,0.2,0.0003,0.10126953125,0.0034005959663772956,0.6552982641384005
474,627,181.15892546000003,306.82,1547,970752,0.010981985,192.87441732883454,0.17929551005363464,4730,41.55921936035156,0.8360023349523544,0.2,0.0003,0.1166015625,-0.0018067744924337604,0.6616888595744967
475,627,179.58609129,298.72,1550,972800,0.007252667,185.96854623556138,0.17843520641326904,4740,72.1602783203125,0.7724151909351349,0.2,0.0003,0.087353515625,-0.002495424025983084,0.6615142442286015
476,627,182.01787767000002,313.12,1554,974848,0.008632399,131.0004972755909,0.17885126173496246,4750,16.34652328491211,0.8472880572080612,0.2,0.0003,0.142626953125,0.00027359940577298403,0.6632537188008427
477,627,180.28279551,310.77,1557,976896,0.02149809,51.10819090083241,0.17966583371162415,4760,21.203136444091797,0.7659728229045868,0.2,0.0003,0.143603515625,0.005767050095892045,0.6551979770883918
478,627,182.90830604,317.42,1560,978944,0.011981058,92.44139563441277,0.17992600798606873,4770,30.830551147460938,0.8673794716596603,0.2,0.0003,0.164404296875,0.00435065151177696,0.6498427931219339
479,627,181.79118530999992,302.7,1563,980992,0.009035659,66.33487688601016,0.17869657278060913,4780,30.422422409057617,0.8201417922973633,0.2,0.0003,0.111181640625,0.0037099622197274583,0.661367767304182
480,627,187.26726931999997,301.7,1567,983040,0.015398893,46.46506862044335,0.1756633222103119,4790,7.006136417388916,0.9047368094325066,0.2,0.0003,0.188916015625,-0.0010073513905808796,0.6843908119946718
481,627,186.78991554999996,294.51,1570,985088,0.0113875205,124.28008414506913,0.17683175206184387,4800,148.86376953125,0.8682381957769394,0.2,0.0003,0.14404296875,-0.001435200381820323,0.6922141855582595
482,627,190.19467007000003,285.57,1573,987136,0.0155948,81.52817339897156,0.17741388082504272,4810,33.09928512573242,0.8606763929128647,0.2,0.0003,0.1564453125,0.0026427708988194356,0.6852719010785222
483,627,194.84564168000006,271.25,1577,989184,0.008064486,241.83977056741713,0.1770748496055603,4820,106.76351928710938,0.6985758244991302,0.2,0.0003,0.09384765625,-0.00019056447490584105,0.6809612704440952
484,627,195.44666867,278.24,1580,991232,0.03109121,29.683049271255733,0.17927080392837524,4830,12.854436874389648,0.8653439879417419,0.2,0.0003,0.18154296875,0.009296934421581683,0.6707338936626911
485,627,194.43712746999995,279.87,1583,993280,0.012210317,25.66641369909048,0.17730700969696045,4840,6.634603500366211,0.8669940233230591,0.2,0.0003,0.149658203125,0.00490538635494886,0.6713325478136539
486,627,188.43603012000003,281.55,1586,995328,0.01132657,78.37277010679244,0.1764243245124817,4850,15.283187866210938,0.787083089351654,0.2,0.0003,0.138671875,0.0019753962973481976,0.6882408160716296
487,627,191.48088081000006,280.87,1590,997376,0.01169087,196.90941615104674,0.17656290531158447,4860,25.404279708862305,0.6455011069774628,0.2,0.0003,0.081396484375,0.002090817487624008,0.6916319966316223
488,627,188.87180676,277.96,1593,999424,0.007197126,179.3532929956913,0.17421935498714447,4870,55.351802825927734,0.7972613275051117,0.2,0.0003,0.09970703125,-0.003514064321643673,0.7022894931957125
489,627,190.61702154000005,262.98,1596,1001472,0.009950923,156.43674857616423,0.172447070479393,4880,87.41448974609375,0.8042819648981094,0.2,0.0003,0.10048828125,-0.001257044075464364,0.7277267225086689
